Original Name,Marke,Branche,New Name
240229_Sounds_großes_Hörexperiment/Mobility/DB_WDB_Mobility-003.mp3,Db,Mobility,/1/1.mp3
240229_Sounds_großes_Hörexperiment/Future/sil_future-087.mp3,Sil,Future,/1/2.mp3
240229_Sounds_großes_Hörexperiment/consumer/teufel_consumer-012.mp3,Teufel,Consumer,/1/3.mp3
240229_Sounds_großes_Hörexperiment/health/Siemens_StandardVentilationSequence(IEC)_health-001.mp3,Siemens,Health,/1/4.mp3
240229_Sounds_großes_Hörexperiment/os/Samsung_Android_OS-010.mp3,Samsung,Os,/1/5.mp3
240229_Sounds_großes_Hörexperiment/consumer/Nintendo_Wii_consumer-001.mp3,Nintendo,Consumer,/1/6.mp3
240229_Sounds_großes_Hörexperiment/os/HP_tablet_OS-002.mp3,Hp,Os,/1/7.mp3
240229_Sounds_großes_Hörexperiment/consumer/Bose_Box_consumer-001.mp3,Bose,Consumer,/2/1.mp3
240229_Sounds_großes_Hörexperiment/consumer/Apple_Vision_consumer-079.mp3,Apple,Consumer,/2/2.mp3
240229_Sounds_großes_Hörexperiment/os/Windows_11_OS-018.mp3,Windows,Os,/2/3.mp3
240229_Sounds_großes_Hörexperiment/Future/sil_future-051.mp3,Sil,Future,/2/4.mp3
240229_Sounds_großes_Hörexperiment/Future/sil_future-092.mp3,Sil,Future,/2/5.mp3
240229_Sounds_großes_Hörexperiment/consumer/Apple_Vision_consumer-007.mp3,Apple,Consumer,/2/6.mp3
240229_Sounds_großes_Hörexperiment/Future/sil_future-089.mp3,Sil,Future,/2/7.mp3
240229_Sounds_großes_Hörexperiment/Future/sil_future-035.mp3,Sil,Future,/3/1.mp3
240229_Sounds_großes_Hörexperiment/apps/nickelodeon_apps-005.mp3,Nickelodeon,Apps,/3/2.mp3
240229_Sounds_großes_Hörexperiment/health/Drager_health-001.mp3,Drager,Health,/3/3.mp3
240229_Sounds_großes_Hörexperiment/consumer/teufel_consumer-009.mp3,Teufel,Consumer,/3/4.mp3
240229_Sounds_großes_Hörexperiment/health/BraunEKG_Health-001.mp3,Braunekg,Health,/3/5.mp3
240229_Sounds_großes_Hörexperiment/os/oppo_OS-017.mp3,Oppo,Os,/3/6.mp3
240229_Sounds_großes_Hörexperiment/Mobility/Mercedes_Mobility-014.mp3,Mercedes,Mobility,/3/7.mp3
240229_Sounds_großes_Hörexperiment/home/alexa_home-006.mp3,Alexa,Home,/4/1.mp3
240229_Sounds_großes_Hörexperiment/Future/sil_future-053.mp3,Sil,Future,/4/2.mp3
240229_Sounds_großes_Hörexperiment/Mobility/Mercedes_Mobility-009.mp3,Mercedes,Mobility,/4/3.mp3
240229_Sounds_großes_Hörexperiment/Future/sil_future-056.mp3,Sil,Future,/4/4.mp3
240229_Sounds_großes_Hörexperiment/Future/sil_future-071.mp3,Sil,Future,/4/5.mp3
240229_Sounds_großes_Hörexperiment/apps/steam_apps-072.mp3,Steam,Apps,/4/6.mp3
240229_Sounds_großes_Hörexperiment/apps/steam_apps-049.mp3,Steam,Apps,/4/7.mp3
240229_Sounds_großes_Hörexperiment/os/Microsoft_surface_OS-007.mp3,Microsoft,Os,/5/1.mp3
240229_Sounds_großes_Hörexperiment/consumer/Apple_Vision_consumer-002.mp3,Apple,Consumer,/5/2.mp3
240229_Sounds_großes_Hörexperiment/home/rain_home-001.mp3,Rain,Home,/5/3.mp3
240229_Sounds_großes_Hörexperiment/consumer/Apple_Watch_consumer-023.mp3,Apple,Consumer,/5/4.mp3
240229_Sounds_großes_Hörexperiment/apps/gmail_apps-002.mp3,Gmail,Apps,/5/5.mp3
240229_Sounds_großes_Hörexperiment/health/vierra_health-006.mp3,Vierra,Health,/5/6.mp3
240229_Sounds_großes_Hörexperiment/Future/sil_future-026.mp3,Sil,Future,/5/7.mp3
240229_Sounds_großes_Hörexperiment/os/huawei_OS-017.mp3,Huawei,Os,/6/1.mp3
240229_Sounds_großes_Hörexperiment/os/Microsoft_surface_OS-015.mp3,Microsoft,Os,/6/2.mp3
240229_Sounds_großes_Hörexperiment/Mobility/Skoda_wdb_mobility-016.mp3,Skoda,Mobility,/6/3.mp3
240229_Sounds_großes_Hörexperiment/Future/sil_future-012.mp3,Sil,Future,/6/4.mp3
240229_Sounds_großes_Hörexperiment/home/Bose_SmartSpeaker_home-010.mp3,Bose,Home,/6/5.mp3
240229_Sounds_großes_Hörexperiment/consumer/Nintendo_Wii_consumer-002.mp3,Nintendo,Consumer,/6/6.mp3
240229_Sounds_großes_Hörexperiment/apps/TikTok_apps.mp3,Tiktok,Apps,/6/7.mp3
240229_Sounds_großes_Hörexperiment/home/loewe_home-001.mp3,Loewe,Home,/7/1.mp3
240229_Sounds_großes_Hörexperiment/health/medicaldevices_health-017.mp3,Medicaldevices,Health,/7/2.mp3
240229_Sounds_großes_Hörexperiment/Future/sil_future-025.mp3,Sil,Future,/7/3.mp3
240229_Sounds_großes_Hörexperiment/home/applehomepod_home-040.mp3,Applehomepod,Home,/7/4.mp3
240229_Sounds_großes_Hörexperiment/consumer/Apple_Vision_consumer-109.mp3,Apple,Consumer,/7/5.mp3
240229_Sounds_großes_Hörexperiment/apps/discord_apps-005.mp3,Discord,Apps,/7/6.mp3
240229_Sounds_großes_Hörexperiment/Future/sil_future-066.mp3,Sil,Future,/7/7.mp3
240229_Sounds_großes_Hörexperiment/os/windows_10_OS-047.mp3,Windows,Os,/8/1.mp3
240229_Sounds_großes_Hörexperiment/os/huawei_OS-003.mp3,Huawei,Os,/8/2.mp3
240229_Sounds_großes_Hörexperiment/consumer/Apple_Vision_consumer-027.mp3,Apple,Consumer,/8/3.mp3
240229_Sounds_großes_Hörexperiment/health/Lifepack15_health-002.mp3,Lifepack15,Health,/8/4.mp3
240229_Sounds_großes_Hörexperiment/health/DraegerInfinityDelta_health.mp3,Draegerinfinitydelta,Health,/8/5.mp3
240229_Sounds_großes_Hörexperiment/Future/sil_future-009.mp3,Sil,Future,/8/6.mp3
240229_Sounds_großes_Hörexperiment/consumer/Apple_Vision_consumer-012.mp3,Apple,Consumer,/8/7.mp3
240229_Sounds_großes_Hörexperiment/apps/instagram_apps-002.mp3,Instagram,Apps,/9/1.mp3
240229_Sounds_großes_Hörexperiment/home/Forme_Mirror_home-004.mp3,Forme,Home,/9/2.mp3
240229_Sounds_großes_Hörexperiment/Mobility/Skoda_wdb_mobility-004.mp3,Skoda,Mobility,/9/3.mp3
240229_Sounds_großes_Hörexperiment/Mobility/Rolls_Royce_Warn_mobility-002.mp3,Rolls,Mobility,/9/4.mp3
240229_Sounds_großes_Hörexperiment/health/Philips_health-002.mp3,Philips,Health,/9/5.mp3
240229_Sounds_großes_Hörexperiment/home/simplehuman_home-004.mp3,Simplehuman,Home,/9/6.mp3
240229_Sounds_großes_Hörexperiment/os/oppo_OS-023.mp3,Oppo,Os,/9/7.mp3
240229_Sounds_großes_Hörexperiment/apps/steam_apps-028.mp3,Steam,Apps,/10/1.mp3
240229_Sounds_großes_Hörexperiment/Future/sil_future-081.mp3,Sil,Future,/10/2.mp3
240229_Sounds_großes_Hörexperiment/os/Blackberry_OS-006.mp3,Blackberry,Os,/10/3.mp3
240229_Sounds_großes_Hörexperiment/apps/steam_apps-023.mp3,Steam,Apps,/10/4.mp3
240229_Sounds_großes_Hörexperiment/consumer/Nintendo_Wii_consumer-004.mp3,Nintendo,Consumer,/10/5.mp3
240229_Sounds_großes_Hörexperiment/consumer/xbox_consumer-009.mp3,Xbox,Consumer,/10/6.mp3
240229_Sounds_großes_Hörexperiment/Mobility/chefr_warn_mobility.mp3,Chefr,Mobility,/10/7.mp3
240229_Sounds_großes_Hörexperiment/consumer/Jabra_Consumer-006.mp3,Jabra,Consumer,/11/1.mp3
240229_Sounds_großes_Hörexperiment/consumer/Apple_Vision_consumer-010.mp3,Apple,Consumer,/11/2.mp3
240229_Sounds_großes_Hörexperiment/os/Microsoft_surface_OS-002.mp3,Microsoft,Os,/11/3.mp3
240229_Sounds_großes_Hörexperiment/health/vierra_health-026.mp3,Vierra,Health,/11/4.mp3
240229_Sounds_großes_Hörexperiment/Future/sil_future-063.mp3,Sil,Future,/11/5.mp3
240229_Sounds_großes_Hörexperiment/home/alexa_home-011.mp3,Alexa,Home,/11/6.mp3
240229_Sounds_großes_Hörexperiment/Future/sil_future-086.mp3,Sil,Future,/11/7.mp3
240229_Sounds_großes_Hörexperiment/Future/sil_future-074.mp3,Sil,Future,/12/1.mp3
240229_Sounds_großes_Hörexperiment/health/erbe_health-005.mp3,Erbe,Health,/12/2.mp3
240229_Sounds_großes_Hörexperiment/os/huawei_OS-007.mp3,Huawei,Os,/12/3.mp3
240229_Sounds_großes_Hörexperiment/os/Blackberry_OS-004.mp3,Blackberry,Os,/12/4.mp3
240229_Sounds_großes_Hörexperiment/Mobility/Mercedes_Mobility-012.mp3,Mercedes,Mobility,/12/5.mp3
240229_Sounds_großes_Hörexperiment/Mobility/DB_WDB_Mobility-004.mp3,Db,Mobility,/12/6.mp3
240229_Sounds_großes_Hörexperiment/Future/sil_future-043.mp3,Sil,Future,/12/7.mp3
240229_Sounds_großes_Hörexperiment/os/windows_10_OS-040.mp3,Windows,Os,/13/1.mp3
240229_Sounds_großes_Hörexperiment/Mobility/Sportwagen_WDB_mobility-007.mp3,Sportwagen,Mobility,/13/2.mp3
240229_Sounds_großes_Hörexperiment/consumer/Apple_Vision_consumer-090.mp3,Apple,Consumer,/13/3.mp3
240229_Sounds_großes_Hörexperiment/Future/sil_future-057.mp3,Sil,Future,/13/4.mp3
240229_Sounds_großes_Hörexperiment/health/PhilipsTrilogy100Menus_health-001.mp3,Philipstrilogy100menus,Health,/13/5.mp3
240229_Sounds_großes_Hörexperiment/home/Bose_SmartSpeaker_home-005.mp3,Bose,Home,/13/6.mp3
240229_Sounds_großes_Hörexperiment/Future/sil_future-085.mp3,Sil,Future,/13/7.mp3
240229_Sounds_großes_Hörexperiment/os/windows_10_OS-032.mp3,Windows,Os,/14/1.mp3
240229_Sounds_großes_Hörexperiment/apps/steam_apps-011.mp3,Steam,Apps,/14/2.mp3
240229_Sounds_großes_Hörexperiment/Future/sil_future-021.mp3,Sil,Future,/14/3.mp3
240229_Sounds_großes_Hörexperiment/health/medicaldevices_health-013.mp3,Medicaldevices,Health,/14/4.mp3
240229_Sounds_großes_Hörexperiment/apps/steam_apps-005.mp3,Steam,Apps,/14/5.mp3
240229_Sounds_großes_Hörexperiment/Mobility/DB_WDB_Mobility-006.mp3,Db,Mobility,/14/6.mp3
240229_Sounds_großes_Hörexperiment/Mobility/byton_mobility-007.mp3,Byton,Mobility,/14/7.mp3
240229_Sounds_großes_Hörexperiment/Mobility/tesla_mobility-012.mp3,Tesla,Mobility,/15/1.mp3
240229_Sounds_großes_Hörexperiment/Mobility/Mercedes_Mobility-020.mp3,Mercedes,Mobility,/15/2.mp3
240229_Sounds_großes_Hörexperiment/os/oppo_OS-022.mp3,Oppo,Os,/15/3.mp3
240229_Sounds_großes_Hörexperiment/Mobility/Skoda_wdb_mobility-012.mp3,Skoda,Mobility,/15/4.mp3
240229_Sounds_großes_Hörexperiment/home/applehomepod_home-018.mp3,Applehomepod,Home,/15/5.mp3
240229_Sounds_großes_Hörexperiment/consumer/Apple_Vision_consumer-099.mp3,Apple,Consumer,/15/6.mp3
240229_Sounds_großes_Hörexperiment/Mobility/byton_mobility-008.mp3,Byton,Mobility,/15/7.mp3
240229_Sounds_großes_Hörexperiment/apps/GoogleMeet_Apps-006.mp3,Googlemeet,Apps,/16/1.mp3
240229_Sounds_großes_Hörexperiment/consumer/Apple_Vision_consumer-026.mp3,Apple,Consumer,/16/2.mp3
240229_Sounds_großes_Hörexperiment/apps/Zoom_apps-001.mp3,Zoom,Apps,/16/3.mp3
240229_Sounds_großes_Hörexperiment/consumer/xbox_consumer-008.mp3,Xbox,Consumer,/16/4.mp3
240229_Sounds_großes_Hörexperiment/home/LGWaschmaschine_Home-001.mp3,Lgwaschmaschine,Home,/16/5.mp3
240229_Sounds_großes_Hörexperiment/Mobility/DB_WDB_Mobility-002.mp3,Db,Mobility,/16/6.mp3
240229_Sounds_großes_Hörexperiment/health/vierra_health-009.mp3,Vierra,Health,/16/7.mp3
240229_Sounds_großes_Hörexperiment/home/Kärcher_home-004.mp3,Kärcher,Home,/17/1.mp3
240229_Sounds_großes_Hörexperiment/health/Philips_health-001.mp3,Philips,Health,/17/2.mp3
240229_Sounds_großes_Hörexperiment/apps/Messenger_apps.mp3,Messenger,Apps,/17/3.mp3
240229_Sounds_großes_Hörexperiment/os/windows_10_OS-031.mp3,Windows,Os,/17/4.mp3
240229_Sounds_großes_Hörexperiment/Mobility/Mercedes_Mobility-003.mp3,Mercedes,Mobility,/17/5.mp3
240229_Sounds_großes_Hörexperiment/os/Samsung_Android_OS-004 10.11.25.mp3,Samsung,Os,/17/6.mp3
240229_Sounds_großes_Hörexperiment/Mobility/Mercedes_Mobility-007.mp3,Mercedes,Mobility,/17/7.mp3
240229_Sounds_großes_Hörexperiment/os/huawei_OS-018.mp3,Huawei,Os,/18/1.mp3
240229_Sounds_großes_Hörexperiment/consumer/playstation_consumer-005.mp3,Playstation,Consumer,/18/2.mp3
240229_Sounds_großes_Hörexperiment/consumer/Apple_Watch_consumer-029.mp3,Apple,Consumer,/18/3.mp3
240229_Sounds_großes_Hörexperiment/Mobility/AMG_Mobility-006.mp3,Amg,Mobility,/18/4.mp3
240229_Sounds_großes_Hörexperiment/consumer/Apple_Vision_consumer-101.mp3,Apple,Consumer,/18/5.mp3
240229_Sounds_großes_Hörexperiment/Future/sil_future-018.mp3,Sil,Future,/18/6.mp3
240229_Sounds_großes_Hörexperiment/os/huawei_OS-016.mp3,Huawei,Os,/18/7.mp3
240229_Sounds_großes_Hörexperiment/consumer/Apple_Vision_consumer-019.mp3,Apple,Consumer,/19/1.mp3
240229_Sounds_großes_Hörexperiment/Mobility/Mercedes_Mobility-018.mp3,Mercedes,Mobility,/19/2.mp3
240229_Sounds_großes_Hörexperiment/Future/sil_future-054.mp3,Sil,Future,/19/3.mp3
240229_Sounds_großes_Hörexperiment/health/medtronic_health-003.mp3,Medtronic,Health,/19/4.mp3
240229_Sounds_großes_Hörexperiment/apps/paypal_apps-003.mp3,Paypal,Apps,/19/5.mp3
240229_Sounds_großes_Hörexperiment/consumer/UE_BOOM_Consumer-003.mp3,Ue,Consumer,/19/6.mp3
240229_Sounds_großes_Hörexperiment/Mobility/Skoda_wdb_mobility-005.mp3,Skoda,Mobility,/19/7.mp3
240229_Sounds_großes_Hörexperiment/Future/sil_future-036.mp3,Sil,Future,/20/1.mp3
240229_Sounds_großes_Hörexperiment/apps/paypal_apps-004.mp3,Paypal,Apps,/20/2.mp3
240229_Sounds_großes_Hörexperiment/apps/discord_apps-010.mp3,Discord,Apps,/20/3.mp3
240229_Sounds_großes_Hörexperiment/os/Windows_11_OS-030.mp3,Windows,Os,/20/4.mp3
240229_Sounds_großes_Hörexperiment/apps/steam_apps-018.mp3,Steam,Apps,/20/5.mp3
240229_Sounds_großes_Hörexperiment/consumer/Apple_Vision_consumer-043.mp3,Apple,Consumer,/20/6.mp3
240229_Sounds_großes_Hörexperiment/consumer/Apple_Vision_consumer-078.mp3,Apple,Consumer,/20/7.mp3
240229_Sounds_großes_Hörexperiment/consumer/xbox_consumer-003.mp3,Xbox,Consumer,/21/1.mp3
240229_Sounds_großes_Hörexperiment/Mobility/Ford_Mustang_Mobility-002.mp3,Ford,Mobility,/21/2.mp3
240229_Sounds_großes_Hörexperiment/consumer/Apple_Vision_consumer-092.mp3,Apple,Consumer,/21/3.mp3
240229_Sounds_großes_Hörexperiment/apps/steam_apps-006.mp3,Steam,Apps,/21/4.mp3
240229_Sounds_großes_Hörexperiment/health/olympus_ESG-300Start_health.mp3,Olympus,Health,/21/5.mp3
240229_Sounds_großes_Hörexperiment/home/Bose_SmartSpeaker_home-003.mp3,Bose,Home,/21/6.mp3
240229_Sounds_großes_Hörexperiment/os/Apple_iphoneXs_OS-004.mp3,Apple,Os,/21/7.mp3
240229_Sounds_großes_Hörexperiment/health/PuritanBennett980Ventilator_health.mp3,Puritanbennett980ventilator,Health,/22/1.mp3
240229_Sounds_großes_Hörexperiment/apps/skype_apps-003.mp3,Skype,Apps,/22/2.mp3
240229_Sounds_großes_Hörexperiment/home/applehomepod_home-022.mp3,Applehomepod,Home,/22/3.mp3
240229_Sounds_großes_Hörexperiment/Future/sil_future-094.mp3,Sil,Future,/22/4.mp3
240229_Sounds_großes_Hörexperiment/home/applehomepod_home-011.mp3,Applehomepod,Home,/22/5.mp3
240229_Sounds_großes_Hörexperiment/Mobility/DB_WDB_Mobility-001.mp3,Db,Mobility,/22/6.mp3
240229_Sounds_großes_Hörexperiment/Mobility/nikola_motors_mobility-001.mp3,Nikola,Mobility,/22/7.mp3
240229_Sounds_großes_Hörexperiment/Future/sil_future-039.mp3,Sil,Future,/23/1.mp3
240229_Sounds_großes_Hörexperiment/consumer/Apple_Vision_consumer-042.mp3,Apple,Consumer,/23/2.mp3
240229_Sounds_großes_Hörexperiment/Mobility/Sportwagen_WDB_mobility-003.mp3,Sportwagen,Mobility,/23/3.mp3
240229_Sounds_großes_Hörexperiment/consumer/Apple_Watch_consumer-017.mp3,Apple,Consumer,/23/4.mp3
240229_Sounds_großes_Hörexperiment/os/Linux_Mint_OS-003.mp3,Linux,Os,/23/5.mp3
240229_Sounds_großes_Hörexperiment/Mobility/Skoda_welcome_mobility.mp3,Skoda,Mobility,/23/6.mp3
240229_Sounds_großes_Hörexperiment/apps/danskeBank_apps.mp3,Danskebank,Apps,/23/7.mp3
240229_Sounds_großes_Hörexperiment/Mobility/Sportwagen_WDB_mobility-004.mp3,Sportwagen,Mobility,/24/1.mp3
240229_Sounds_großes_Hörexperiment/consumer/Apple_Watch_consumer-024.mp3,Apple,Consumer,/24/2.mp3
240229_Sounds_großes_Hörexperiment/os/windows_10_OS-049.mp3,Windows,Os,/24/3.mp3
240229_Sounds_großes_Hörexperiment/health/PhilipsTrilogy100Menus_health-002.mp3,Philipstrilogy100menus,Health,/24/4.mp3
240229_Sounds_großes_Hörexperiment/consumer/Jabra_Consumer-005.mp3,Jabra,Consumer,/24/5.mp3
240229_Sounds_großes_Hörexperiment/apps/Samsung_One_Apps-001.mp3,Samsung,Apps,/24/6.mp3
240229_Sounds_großes_Hörexperiment/os/Microsoft_surface_OS-004.mp3,Microsoft,Os,/24/7.mp3
240229_Sounds_großes_Hörexperiment/Future/sil_future-011.mp3,Sil,Future,/25/1.mp3
240229_Sounds_großes_Hörexperiment/os/oppo_OS-014.mp3,Oppo,Os,/25/2.mp3
240229_Sounds_großes_Hörexperiment/home/simplehuman_home-005.mp3,Simplehuman,Home,/25/3.mp3
240229_Sounds_großes_Hörexperiment/Future/sil_future-048.mp3,Sil,Future,/25/4.mp3
240229_Sounds_großes_Hörexperiment/health/erbe_health-003.mp3,Erbe,Health,/25/5.mp3
240229_Sounds_großes_Hörexperiment/health/vierra_health-018.mp3,Vierra,Health,/25/6.mp3
240229_Sounds_großes_Hörexperiment/Mobility/Skoda_wdb_mobility-015.mp3,Skoda,Mobility,/25/7.mp3
240229_Sounds_großes_Hörexperiment/health/löwenstein_health-005.mp3,Löwenstein,Health,/26/1.mp3
240229_Sounds_großes_Hörexperiment/Future/sil_future-076.mp3,Sil,Future,/26/2.mp3
240229_Sounds_großes_Hörexperiment/Mobility/oooono_mobility-002.mp3,Oooono,Mobility,/26/3.mp3
240229_Sounds_großes_Hörexperiment/os/Apple_BigSur_OS-008.mp3,Apple,Os,/26/4.mp3
240229_Sounds_großes_Hörexperiment/consumer/oculus_consumer-001.mp3,Oculus,Consumer,/26/5.mp3
240229_Sounds_großes_Hörexperiment/os/Apple_BigSur_OS-001.mp3,Apple,Os,/26/6.mp3
240229_Sounds_großes_Hörexperiment/health/HamiltonT1_health-003.mp3,Hamiltont1,Health,/26/7.mp3
240229_Sounds_großes_Hörexperiment/consumer/Nintendo_Wii_consumer-005.mp3,Nintendo,Consumer,/27/1.mp3
240229_Sounds_großes_Hörexperiment/health/vierra_health-011.mp3,Vierra,Health,/27/2.mp3
240229_Sounds_großes_Hörexperiment/apps/paypal_apps-002.mp3,Paypal,Apps,/27/3.mp3
240229_Sounds_großes_Hörexperiment/os/HP_tablet_OS-006.mp3,Hp,Os,/27/4.mp3
240229_Sounds_großes_Hörexperiment/home/MieleWaschmaschine_home-001.mp3,Mielewaschmaschine,Home,/27/5.mp3
240229_Sounds_großes_Hörexperiment/health/medicaldevices_health-001.mp3,Medicaldevices,Health,/27/6.mp3
240229_Sounds_großes_Hörexperiment/apps/nickelodeon_apps-004.mp3,Nickelodeon,Apps,/27/7.mp3
240229_Sounds_großes_Hörexperiment/consumer/Apple_Vision_consumer-074.mp3,Apple,Consumer,/28/1.mp3
240229_Sounds_großes_Hörexperiment/home/applehomepod_home-008.mp3,Applehomepod,Home,/28/2.mp3
240229_Sounds_großes_Hörexperiment/Future/sil_future-031.mp3,Sil,Future,/28/3.mp3
240229_Sounds_großes_Hörexperiment/home/Festool_home-001.mp3,Festool,Home,/28/4.mp3
240229_Sounds_großes_Hörexperiment/apps/Whatsapp_apps.mp3,Whatsapp,Apps,/28/5.mp3
240229_Sounds_großes_Hörexperiment/consumer/Jabra_Consumer-008.mp3,Jabra,Consumer,/28/6.mp3
240229_Sounds_großes_Hörexperiment/apps/Twitter_apps.mp3,Twitter,Apps,/28/7.mp3
240229_Sounds_großes_Hörexperiment/Future/sil_future-010.mp3,Sil,Future,/29/1.mp3
240229_Sounds_großes_Hörexperiment/os/Windows_11_OS-011.mp3,Windows,Os,/29/2.mp3
240229_Sounds_großes_Hörexperiment/consumer/apple_watch_consumer-009.mp3,Apple,Consumer,/29/3.mp3
240229_Sounds_großes_Hörexperiment/home/ecobee_home-008.mp3,Ecobee,Home,/29/4.mp3
240229_Sounds_großes_Hörexperiment/health/medicaldevices_health-016.mp3,Medicaldevices,Health,/29/5.mp3
240229_Sounds_großes_Hörexperiment/consumer/Apple_Vision_consumer-053.mp3,Apple,Consumer,/29/6.mp3
240229_Sounds_großes_Hörexperiment/apps/spotify_apps-005.mp3,Spotify,Apps,/29/7.mp3
240229_Sounds_großes_Hörexperiment/health/medicaldevices_health-009.mp3,Medicaldevices,Health,/30/1.mp3
240229_Sounds_großes_Hörexperiment/Mobility/Mercedes_Mobility-004.mp3,Mercedes,Mobility,/30/2.mp3
240229_Sounds_großes_Hörexperiment/os/Windows_11_OS-016.mp3,Windows,Os,/30/3.mp3
240229_Sounds_großes_Hörexperiment/Future/sil_future-006.mp3,Sil,Future,/30/4.mp3
240229_Sounds_großes_Hörexperiment/home/simplehuman_home-002.mp3,Simplehuman,Home,/30/5.mp3
240229_Sounds_großes_Hörexperiment/apps/nickelodeon_apps-007.mp3,Nickelodeon,Apps,/30/6.mp3
240229_Sounds_großes_Hörexperiment/consumer/Jabra_Consumer-009.mp3,Jabra,Consumer,/30/7.mp3
240229_Sounds_großes_Hörexperiment/Mobility/nikola_motors_mobility-008.mp3,Nikola,Mobility,/31/1.mp3
240229_Sounds_großes_Hörexperiment/apps/steam_apps-047.mp3,Steam,Apps,/31/2.mp3
240229_Sounds_großes_Hörexperiment/os/Apple_iphone5_OS-029.mp3,Apple,Os,/31/3.mp3
240229_Sounds_großes_Hörexperiment/consumer/Jabra_Consumer-004.mp3,Jabra,Consumer,/31/4.mp3
240229_Sounds_großes_Hörexperiment/consumer/nintendo_switch_consumer-009.mp3,Nintendo,Consumer,/31/5.mp3
240229_Sounds_großes_Hörexperiment/Mobility/BVG_WDB_Mobility-002.mp3,Bvg,Mobility,/31/6.mp3
240229_Sounds_großes_Hörexperiment/consumer/Apple_Vision_consumer-084.mp3,Apple,Consumer,/31/7.mp3
240229_Sounds_großes_Hörexperiment/health/medicaldevices_health-003.mp3,Medicaldevices,Health,/32/1.mp3
240229_Sounds_großes_Hörexperiment/Future/sil_future-019.mp3,Sil,Future,/32/2.mp3
240229_Sounds_großes_Hörexperiment/os/Apple_iphoneXs_OS-002.mp3,Apple,Os,/32/3.mp3
240229_Sounds_großes_Hörexperiment/Mobility/hyundai_WDB_Mobility-002.mp3,Hyundai,Mobility,/32/4.mp3
240229_Sounds_großes_Hörexperiment/home/applehomepod_home-021.mp3,Applehomepod,Home,/32/5.mp3
240229_Sounds_großes_Hörexperiment/consumer/Apple_Watch_consumer-008.mp3,Apple,Consumer,/32/6.mp3
240229_Sounds_großes_Hörexperiment/Future/sil_future-024.mp3,Sil,Future,/32/7.mp3
240229_Sounds_großes_Hörexperiment/consumer/Apple_airpods_consumer-003.mp3,Apple,Consumer,/33/1.mp3
240229_Sounds_großes_Hörexperiment/consumer/Apple_Watch_consumer-025.mp3,Apple,Consumer,/33/2.mp3
240229_Sounds_großes_Hörexperiment/os/Windows_Phone_OS-005.mp3,Windows,Os,/33/3.mp3
240229_Sounds_großes_Hörexperiment/os/Windows_11_OS-033.mp3,Windows,Os,/33/4.mp3
240229_Sounds_großes_Hörexperiment/consumer/Nintendo_Wii_consumer-006.mp3,Nintendo,Consumer,/33/5.mp3
240229_Sounds_großes_Hörexperiment/os/huawei_OS-005.mp3,Huawei,Os,/33/6.mp3
240229_Sounds_großes_Hörexperiment/apps/GoogleMeet_Apps-010.mp3,Googlemeet,Apps,/33/7.mp3
240229_Sounds_großes_Hörexperiment/os/windows_10_OS-044.mp3,Windows,Os,/34/1.mp3
240229_Sounds_großes_Hörexperiment/home/MieleHerd_Home-001.mp3,Mieleherd,Home,/34/2.mp3
240229_Sounds_großes_Hörexperiment/apps/steam_apps-066.mp3,Steam,Apps,/34/3.mp3
240229_Sounds_großes_Hörexperiment/health/AVEAventilator_health-001.mp3,Aveaventilator,Health,/34/4.mp3
240229_Sounds_großes_Hörexperiment/consumer/Apple_Vision_consumer-094.mp3,Apple,Consumer,/34/5.mp3
240229_Sounds_großes_Hörexperiment/consumer/Jabra_Consumer-001.mp3,Jabra,Consumer,/34/6.mp3
240229_Sounds_großes_Hörexperiment/home/Bose_SmartSpeaker_home-008.mp3,Bose,Home,/34/7.mp3
240229_Sounds_großes_Hörexperiment/Future/sil_future-070.mp3,Sil,Future,/35/1.mp3
240229_Sounds_großes_Hörexperiment/Mobility/Mercedes_Mobility-021.mp3,Mercedes,Mobility,/35/2.mp3
240229_Sounds_großes_Hörexperiment/os/oppo_OS-016.mp3,Oppo,Os,/35/3.mp3
240229_Sounds_großes_Hörexperiment/Mobility/Skoda_wdb_mobility-014.mp3,Skoda,Mobility,/35/4.mp3
240229_Sounds_großes_Hörexperiment/Mobility/DB_WDB_Mobility-007.mp3,Db,Mobility,/35/5.mp3
240229_Sounds_großes_Hörexperiment/apps/viber_apps-002.mp3,Viber,Apps,/35/6.mp3
240229_Sounds_großes_Hörexperiment/consumer/Sony_Box_Consumer-001.mp3,Sony,Consumer,/35/7.mp3
240229_Sounds_großes_Hörexperiment/Mobility/VOLVO_mobility-010.mp3,Volvo,Mobility,/36/1.mp3
240229_Sounds_großes_Hörexperiment/consumer/Apple_Vision_consumer-004.mp3,Apple,Consumer,/36/2.mp3
240229_Sounds_großes_Hörexperiment/health/löwenstein_health-006.mp3,Löwenstein,Health,/36/3.mp3
240229_Sounds_großes_Hörexperiment/apps/ethona_apps-002.mp3,Ethona,Apps,/36/4.mp3
240229_Sounds_großes_Hörexperiment/os/Apple_iphoneXs_OS-011.mp3,Apple,Os,/36/5.mp3
240229_Sounds_großes_Hörexperiment/health/medicaldevices_health-015.mp3,Medicaldevices,Health,/36/6.mp3
240229_Sounds_großes_Hörexperiment/consumer/Apple_Watch_consumer-016.mp3,Apple,Consumer,/36/7.mp3
240229_Sounds_großes_Hörexperiment/apps/googleOk_apps-002.mp3,Googleok,Apps,/37/1.mp3
240229_Sounds_großes_Hörexperiment/Mobility/Sportwagen_WDB_mobility-001.mp3,Sportwagen,Mobility,/37/2.mp3
240229_Sounds_großes_Hörexperiment/health/AVEAventilator_health-002.mp3,Aveaventilator,Health,/37/3.mp3
240229_Sounds_großes_Hörexperiment/Future/sil_future-049.mp3,Sil,Future,/37/4.mp3
240229_Sounds_großes_Hörexperiment/home/applehomepod_home-041.mp3,Applehomepod,Home,/37/5.mp3
240229_Sounds_großes_Hörexperiment/apps/LinkedIn notification sound_apps.mp3,Linkedin notification sound,Apps,/37/6.mp3
240229_Sounds_großes_Hörexperiment/health/medicaldevices_health-008.mp3,Medicaldevices,Health,/37/7.mp3
240229_Sounds_großes_Hörexperiment/health/vierra_health-003.mp3,Vierra,Health,/38/1.mp3
240229_Sounds_großes_Hörexperiment/home/alexa_home-001.mp3,Alexa,Home,/38/2.mp3
240229_Sounds_großes_Hörexperiment/os/Apple_iphone5_OS-023.mp3,Apple,Os,/38/3.mp3
240229_Sounds_großes_Hörexperiment/consumer/Apple_Watch_consumer-026.mp3,Apple,Consumer,/38/4.mp3
240229_Sounds_großes_Hörexperiment/consumer/Apple_Watch_consumer-015.mp3,Apple,Consumer,/38/5.mp3
240229_Sounds_großes_Hörexperiment/Future/sil_future-069.mp3,Sil,Future,/38/6.mp3
240229_Sounds_großes_Hörexperiment/home/ecobee_home-001.mp3,Ecobee,Home,/38/7.mp3
240229_Sounds_großes_Hörexperiment/os/huawei_OS-019.mp3,Huawei,Os,/39/1.mp3
240229_Sounds_großes_Hörexperiment/consumer/Samsung_TV_consumer-001.mp3,Samsung,Consumer,/39/2.mp3
240229_Sounds_großes_Hörexperiment/home/LGWaschmaschine_Home-002.mp3,Lgwaschmaschine,Home,/39/3.mp3
240229_Sounds_großes_Hörexperiment/home/applehomepod_home-038.mp3,Applehomepod,Home,/39/4.mp3
240229_Sounds_großes_Hörexperiment/os/Microsoft_surface_OS-001.mp3,Microsoft,Os,/39/5.mp3
240229_Sounds_großes_Hörexperiment/consumer/Apple_Vision_consumer-054.mp3,Apple,Consumer,/39/6.mp3
240229_Sounds_großes_Hörexperiment/health/medtronic_health-005.mp3,Medtronic,Health,/39/7.mp3
240229_Sounds_großes_Hörexperiment/home/alexa_home-009.mp3,Alexa,Home,/40/1.mp3
240229_Sounds_großes_Hörexperiment/apps/GoogleMeet_Apps-005.mp3,Googlemeet,Apps,/40/2.mp3
240229_Sounds_großes_Hörexperiment/os/Apple_iphone5_OS-026.mp3,Apple,Os,/40/3.mp3
240229_Sounds_großes_Hörexperiment/os/Google_Pixel_OS-009.mp3,Google,Os,/40/4.mp3
240229_Sounds_großes_Hörexperiment/Mobility/byton_mobility-006.mp3,Byton,Mobility,/40/5.mp3
240229_Sounds_großes_Hörexperiment/Mobility/BVG_WDB_Mobility-003.mp3,Bvg,Mobility,/40/6.mp3
240229_Sounds_großes_Hörexperiment/home/applehomepod_home-006.mp3,Applehomepod,Home,/40/7.mp3
240229_Sounds_großes_Hörexperiment/apps/GoogleMeet_Apps-013.mp3,Googlemeet,Apps,/41/1.mp3
240229_Sounds_großes_Hörexperiment/os/Microsoft_surface_OS-003.mp3,Microsoft,Os,/41/2.mp3
240229_Sounds_großes_Hörexperiment/health/löwenstein_health-008.mp3,Löwenstein,Health,/41/3.mp3
240229_Sounds_großes_Hörexperiment/os/Microsoft_surface_OS-027.mp3,Microsoft,Os,/41/4.mp3
240229_Sounds_großes_Hörexperiment/consumer/nintendo_switch_consumer-015.mp3,Nintendo,Consumer,/41/5.mp3
240229_Sounds_großes_Hörexperiment/consumer/Nintendo_Wii_consumer-007.mp3,Nintendo,Consumer,/41/6.mp3
240229_Sounds_großes_Hörexperiment/consumer/playstation_consumer-009.mp3,Playstation,Consumer,/41/7.mp3
240229_Sounds_großes_Hörexperiment/consumer/nintendo_switch_consumer-004.mp3,Nintendo,Consumer,/42/1.mp3
240229_Sounds_großes_Hörexperiment/consumer/Apple_Vision_consumer-091.mp3,Apple,Consumer,/42/2.mp3
240229_Sounds_großes_Hörexperiment/home/MieleWaschmaschine_home-002.mp3,Mielewaschmaschine,Home,/42/3.mp3
240229_Sounds_großes_Hörexperiment/home/ecobee_home-006.mp3,Ecobee,Home,/42/4.mp3
240229_Sounds_großes_Hörexperiment/apps/googleOk_apps-004.mp3,Googleok,Apps,/42/5.mp3
240229_Sounds_großes_Hörexperiment/consumer/apple_watch_consumer-006.mp3,Apple,Consumer,/42/6.mp3
240229_Sounds_großes_Hörexperiment/Future/sil_future-058.mp3,Sil,Future,/42/7.mp3
240229_Sounds_großes_Hörexperiment/Future/sil_future-067.mp3,Sil,Future,/43/1.mp3
240229_Sounds_großes_Hörexperiment/health/löwenstein_health-001.mp3,Löwenstein,Health,/43/2.mp3
240229_Sounds_großes_Hörexperiment/Mobility/Skoda_wdb_mobility-011.mp3,Skoda,Mobility,/43/3.mp3
240229_Sounds_großes_Hörexperiment/consumer/nintendo_switch_consumer-005.mp3,Nintendo,Consumer,/43/4.mp3
240229_Sounds_großes_Hörexperiment/Mobility/tesla_mobility-011.mp3,Tesla,Mobility,/43/5.mp3
240229_Sounds_großes_Hörexperiment/apps/steam_apps-068.mp3,Steam,Apps,/43/6.mp3
240229_Sounds_großes_Hörexperiment/consumer/Apple_Vision_consumer-106.mp3,Apple,Consumer,/43/7.mp3
240229_Sounds_großes_Hörexperiment/apps/discord_apps-003.mp3,Discord,Apps,/44/1.mp3
240229_Sounds_großes_Hörexperiment/os/Apple_BigSur_OS-017.mp3,Apple,Os,/44/2.mp3
240229_Sounds_großes_Hörexperiment/Future/sil_future-042.mp3,Sil,Future,/44/3.mp3
240229_Sounds_großes_Hörexperiment/os/Apple_BigSur_OS-003.mp3,Apple,Os,/44/4.mp3
240229_Sounds_großes_Hörexperiment/os/Android_Next_OS-003.mp3,Android,Os,/44/5.mp3
240229_Sounds_großes_Hörexperiment/Mobility/Ford_Mustang_Mobility-005.mp3,Ford,Mobility,/44/6.mp3
240229_Sounds_großes_Hörexperiment/Future/sil_future-008.mp3,Sil,Future,/44/7.mp3
240229_Sounds_großes_Hörexperiment/os/Linux_Mint_OS-002.mp3,Linux,Os,/45/1.mp3
240229_Sounds_großes_Hörexperiment/os/huawei_OS-002.mp3,Huawei,Os,/45/2.mp3
240229_Sounds_großes_Hörexperiment/Mobility/Mercedes_Mobility-019.mp3,Mercedes,Mobility,/45/3.mp3
240229_Sounds_großes_Hörexperiment/consumer/Sony_Box_Consumer-002.mp3,Sony,Consumer,/45/4.mp3
240229_Sounds_großes_Hörexperiment/apps/Samsung_One_Apps-004.mp3,Samsung,Apps,/45/5.mp3
240229_Sounds_großes_Hörexperiment/home/miele_home-002.mp3,Miele,Home,/45/6.mp3
240229_Sounds_großes_Hörexperiment/Mobility/Skoda_wdb_mobility-008.mp3,Skoda,Mobility,/45/7.mp3
240229_Sounds_großes_Hörexperiment/Mobility/AMG_Mobility-002.mp3,Amg,Mobility,/46/1.mp3
240229_Sounds_großes_Hörexperiment/consumer/Apple_Vision_consumer-021.mp3,Apple,Consumer,/46/2.mp3
240229_Sounds_großes_Hörexperiment/os/windows_10_OS-038.mp3,Windows,Os,/46/3.mp3
240229_Sounds_großes_Hörexperiment/os/huawei_OS-004.mp3,Huawei,Os,/46/4.mp3
240229_Sounds_großes_Hörexperiment/health/PhilipsIntelliVue_health .mp3,Philipsintellivue,Health ,/46/5.mp3
240229_Sounds_großes_Hörexperiment/apps/Samsung_One_Apps-002.mp3,Samsung,Apps,/46/6.mp3
240229_Sounds_großes_Hörexperiment/apps/steam_apps-046.mp3,Steam,Apps,/46/7.mp3
240229_Sounds_großes_Hörexperiment/health/FreseniusMedicalbuzz_health.mp3,Freseniusmedicalbuzz,Health,/47/1.mp3
240229_Sounds_großes_Hörexperiment/Mobility/VOLVO_mobility-003.mp3,Volvo,Mobility,/47/2.mp3
240229_Sounds_großes_Hörexperiment/os/Apple_BigSur_OS-007.mp3,Apple,Os,/47/3.mp3
240229_Sounds_großes_Hörexperiment/apps/googleOk_apps-001.mp3,Googleok,Apps,/47/4.mp3
240229_Sounds_großes_Hörexperiment/Mobility/AMG_Mobility-003.mp3,Amg,Mobility,/47/5.mp3
240229_Sounds_großes_Hörexperiment/consumer/Apple_Vision_consumer-030.mp3,Apple,Consumer,/47/6.mp3
240229_Sounds_großes_Hörexperiment/consumer/Apple_Watch_consumer-018.mp3,Apple,Consumer,/47/7.mp3
240229_Sounds_großes_Hörexperiment/Future/sil_future-077.mp3,Sil,Future,/48/1.mp3
240229_Sounds_großes_Hörexperiment/Mobility/AMG_Mobility-008.mp3,Amg,Mobility,/48/2.mp3
240229_Sounds_großes_Hörexperiment/os/Apple_iphone5_OS-021.mp3,Apple,Os,/48/3.mp3
240229_Sounds_großes_Hörexperiment/os/Windows_11_OS-004.mp3,Windows,Os,/48/4.mp3
240229_Sounds_großes_Hörexperiment/os/Apple_iphone5_OS-011.mp3,Apple,Os,/48/5.mp3
240229_Sounds_großes_Hörexperiment/health/medicaldevices_health-012.mp3,Medicaldevices,Health,/48/6.mp3
240229_Sounds_großes_Hörexperiment/Mobility/VOLVO_mobility-005.mp3,Volvo,Mobility,/48/7.mp3
240229_Sounds_großes_Hörexperiment/home/ecobee_home-004.mp3,Ecobee,Home,/49/1.mp3
240229_Sounds_großes_Hörexperiment/os/Apple_iphone5_OS-008.mp3,Apple,Os,/49/2.mp3
240229_Sounds_großes_Hörexperiment/apps/googleOk_apps-006.mp3,Googleok,Apps,/49/3.mp3
240229_Sounds_großes_Hörexperiment/os/Apple_iphone5_OS-031.mp3,Apple,Os,/49/4.mp3
240229_Sounds_großes_Hörexperiment/os/oppo_OS-021.mp3,Oppo,Os,/49/5.mp3
240229_Sounds_großes_Hörexperiment/os/Apple_iphoneXs_OS-001.mp3,Apple,Os,/49/6.mp3
240229_Sounds_großes_Hörexperiment/apps/tinder_apps-001.mp3,Tinder,Apps,/49/7.mp3
240229_Sounds_großes_Hörexperiment/Future/sil_future-027.mp3,Sil,Future,/50/1.mp3
240229_Sounds_großes_Hörexperiment/home/Kärcher_home-008.mp3,Kärcher,Home,/50/2.mp3
240229_Sounds_großes_Hörexperiment/apps/ethona_apps-001.mp3,Ethona,Apps,/50/3.mp3
240229_Sounds_großes_Hörexperiment/health/medicaldevices_health-014.mp3,Medicaldevices,Health,/50/4.mp3
240229_Sounds_großes_Hörexperiment/Future/sil_future-030.mp3,Sil,Future,/50/5.mp3
240229_Sounds_großes_Hörexperiment/consumer/Apple_Vision_consumer-077.mp3,Apple,Consumer,/50/6.mp3
240229_Sounds_großes_Hörexperiment/apps/steam_apps-030.mp3,Steam,Apps,/50/7.mp3
240229_Sounds_großes_Hörexperiment/Future/sil_future-065.mp3,Sil,Future,/51/1.mp3
240229_Sounds_großes_Hörexperiment/Future/sil_future-084.mp3,Sil,Future,/51/2.mp3
240229_Sounds_großes_Hörexperiment/os/huawei_OS-014.mp3,Huawei,Os,/51/3.mp3
240229_Sounds_großes_Hörexperiment/apps/GoogleMeet_Apps-012.mp3,Googlemeet,Apps,/51/4.mp3
240229_Sounds_großes_Hörexperiment/consumer/teufel_consumer-014.mp3,Teufel,Consumer,/51/5.mp3
240229_Sounds_großes_Hörexperiment/os/Blackberry_OS-002.mp3,Blackberry,Os,/51/6.mp3
240229_Sounds_großes_Hörexperiment/consumer/Apple_Vision_consumer-005.mp3,Apple,Consumer,/51/7.mp3
240229_Sounds_großes_Hörexperiment/os/oppo_OS-012.mp3,Oppo,Os,/52/1.mp3
240229_Sounds_großes_Hörexperiment/Future/sil_future-073.mp3,Sil,Future,/52/2.mp3
240229_Sounds_großes_Hörexperiment/Mobility/hyundai_WDB_Mobility-003.mp3,Hyundai,Mobility,/52/3.mp3
240229_Sounds_großes_Hörexperiment/os/Microsoft_surface_OS-012.mp3,Microsoft,Os,/52/4.mp3
240229_Sounds_großes_Hörexperiment/consumer/Jabra_Consumer-011.mp3,Jabra,Consumer,/52/5.mp3
240229_Sounds_großes_Hörexperiment/home/simplehuman_home-006.mp3,Simplehuman,Home,/52/6.mp3
240229_Sounds_großes_Hörexperiment/os/Google_Pixel_OS-012.mp3,Google,Os,/52/7.mp3
240229_Sounds_großes_Hörexperiment/Mobility/Mercedes_Mobility-024.mp3,Mercedes,Mobility,/53/1.mp3
240229_Sounds_großes_Hörexperiment/apps/skype_apps-012.mp3,Skype,Apps,/53/2.mp3
240229_Sounds_großes_Hörexperiment/health/HamiltonH900_health.mp3,Hamiltonh900,Health,/53/3.mp3
240229_Sounds_großes_Hörexperiment/Future/sil_future-001.mp3,Sil,Future,/53/4.mp3
240229_Sounds_großes_Hörexperiment/os/Apple_BigSur_OS-022.mp3,Apple,Os,/53/5.mp3
240229_Sounds_großes_Hörexperiment/Future/sil_future-060.mp3,Sil,Future,/53/6.mp3
240229_Sounds_großes_Hörexperiment/home/Samsung_waschmaschine_home-001.mp3,Samsung,Home,/53/7.mp3
240229_Sounds_großes_Hörexperiment/Mobility/Skoda_wdb_mobility-003.mp3,Skoda,Mobility,/54/1.mp3
240229_Sounds_großes_Hörexperiment/Mobility/DB_WDB_Mobility-008.mp3,Db,Mobility,/54/2.mp3
240229_Sounds_großes_Hörexperiment/os/Apple_BigSur_OS-013.mp3,Apple,Os,/54/3.mp3
240229_Sounds_großes_Hörexperiment/health/IEC_health.mp3,Iec,Health,/54/4.mp3
240229_Sounds_großes_Hörexperiment/consumer/JBL_Consumer-003.mp3,Jbl,Consumer,/54/5.mp3
240229_Sounds_großes_Hörexperiment/consumer/teufel_consumer-001.mp3,Teufel,Consumer,/54/6.mp3
240229_Sounds_großes_Hörexperiment/consumer/Jabra_Consumer-007.mp3,Jabra,Consumer,/54/7.mp3
240229_Sounds_großes_Hörexperiment/health/vierra_health-017.mp3,Vierra,Health,/55/1.mp3
240229_Sounds_großes_Hörexperiment/home/Kärcher_home-006.mp3,Kärcher,Home,/55/2.mp3
240229_Sounds_großes_Hörexperiment/Mobility/honda_welcome_mobility.mp3,Honda,Mobility,/55/3.mp3
240229_Sounds_großes_Hörexperiment/Mobility/Mercedes_Mobility-022.mp3,Mercedes,Mobility,/55/4.mp3
240229_Sounds_großes_Hörexperiment/Future/sil_future-044.mp3,Sil,Future,/55/5.mp3
240229_Sounds_großes_Hörexperiment/os/Apple_BigSur_OS-021.mp3,Apple,Os,/55/6.mp3
240229_Sounds_großes_Hörexperiment/consumer/UE_BOOM_Consumer-002.mp3,Ue,Consumer,/55/7.mp3
240229_Sounds_großes_Hörexperiment/home/Forme_Mirror_home-008.mp3,Forme,Home,/56/1.mp3
240229_Sounds_großes_Hörexperiment/Future/sil_future-061.mp3,Sil,Future,/56/2.mp3
240229_Sounds_großes_Hörexperiment/Mobility/nikola_motors_mobility-003.mp3,Nikola,Mobility,/56/3.mp3
240229_Sounds_großes_Hörexperiment/home/ecobee_home-003.mp3,Ecobee,Home,/56/4.mp3
240229_Sounds_großes_Hörexperiment/os/Microsoft_surface_OS-016.mp3,Microsoft,Os,/56/5.mp3
240229_Sounds_großes_Hörexperiment/consumer/Jabra_Consumer-013.mp3,Jabra,Consumer,/56/6.mp3
240229_Sounds_großes_Hörexperiment/apps/skype_apps-009.mp3,Skype,Apps,/56/7.mp3
240229_Sounds_großes_Hörexperiment/consumer/Apple_Watch_consumer-002.mp3,Apple,Consumer,/57/1.mp3
240229_Sounds_großes_Hörexperiment/os/oppo_OS-002.mp3,Oppo,Os,/57/2.mp3
240229_Sounds_großes_Hörexperiment/os/huawei_OS-008.mp3,Huawei,Os,/57/3.mp3
240229_Sounds_großes_Hörexperiment/Future/sil_future-079.mp3,Sil,Future,/57/4.mp3
240229_Sounds_großes_Hörexperiment/consumer/xbox_consumer-006.mp3,Xbox,Consumer,/57/5.mp3
240229_Sounds_großes_Hörexperiment/home/applehomepod_home-031.mp3,Applehomepod,Home,/57/6.mp3
240229_Sounds_großes_Hörexperiment/health/vierra_health-010.mp3,Vierra,Health,/57/7.mp3
240229_Sounds_großes_Hörexperiment/home/SiemensHausgeraete_home.mp3,Siemenshausgeraete,Home,/58/1.mp3
240229_Sounds_großes_Hörexperiment/apps/discord_apps-007.mp3,Discord,Apps,/58/2.mp3
240229_Sounds_großes_Hörexperiment/Mobility/VOLVO_mobility-011.mp3,Volvo,Mobility,/58/3.mp3
240229_Sounds_großes_Hörexperiment/health/medicaldevices_health-006.mp3,Medicaldevices,Health,/58/4.mp3
240229_Sounds_großes_Hörexperiment/Mobility/Mercedes_Mobility-013.mp3,Mercedes,Mobility,/58/5.mp3
240229_Sounds_großes_Hörexperiment/apps/discord_apps-011.mp3,Discord,Apps,/58/6.mp3
240229_Sounds_großes_Hörexperiment/os/Windows_11_OS-017.mp3,Windows,Os,/58/7.mp3
240229_Sounds_großes_Hörexperiment/Mobility/Skoda_wdb_mobility-009.mp3,Skoda,Mobility,/59/1.mp3
240229_Sounds_großes_Hörexperiment/apps/what3words_apps-005.mp3,What3words,Apps,/59/2.mp3
240229_Sounds_großes_Hörexperiment/Mobility/VOLVO_mobility-006.mp3,Volvo,Mobility,/59/3.mp3
240229_Sounds_großes_Hörexperiment/home/Forme_Mirror_home-003.mp3,Forme,Home,/59/4.mp3
240229_Sounds_großes_Hörexperiment/consumer/teufel_consumer-005.mp3,Teufel,Consumer,/59/5.mp3
240229_Sounds_großes_Hörexperiment/home/Kärcher_home-003.mp3,Kärcher,Home,/59/6.mp3
240229_Sounds_großes_Hörexperiment/os/Samsung_Android_OS-005.mp3,Samsung,Os,/59/7.mp3
240229_Sounds_großes_Hörexperiment/os/Windows_11_OS-021.mp3,Windows,Os,/60/1.mp3
240229_Sounds_großes_Hörexperiment/Mobility/Ford_Mustang_Mobility-008.mp3,Ford,Mobility,/60/2.mp3
240229_Sounds_großes_Hörexperiment/Mobility/nikola_motors_mobility-007.mp3,Nikola,Mobility,/60/3.mp3
240229_Sounds_großes_Hörexperiment/os/Windows_11_OS-010.mp3,Windows,Os,/60/4.mp3
240229_Sounds_großes_Hörexperiment/os/Google_Pixel_OS-010.mp3,Google,Os,/60/5.mp3
240229_Sounds_großes_Hörexperiment/os/Apple_BigSur_OS-011.mp3,Apple,Os,/60/6.mp3
240229_Sounds_großes_Hörexperiment/apps/nickelodeon_apps-003.mp3,Nickelodeon,Apps,/60/7.mp3
240229_Sounds_großes_Hörexperiment/home/ecobee_home-005.mp3,Ecobee,Home,/61/1.mp3
240229_Sounds_großes_Hörexperiment/home/Kärcher_home-002.mp3,Kärcher,Home,/61/2.mp3
240229_Sounds_großes_Hörexperiment/os/Android_Next_OS-001.mp3,Android,Os,/61/3.mp3
240229_Sounds_großes_Hörexperiment/consumer/Jabra_Consumer-012.mp3,Jabra,Consumer,/61/4.mp3
240229_Sounds_großes_Hörexperiment/Mobility/VOLVO_mobility-002.mp3,Volvo,Mobility,/61/5.mp3
240229_Sounds_großes_Hörexperiment/health/löwenstein_health-007.mp3,Löwenstein,Health,/61/6.mp3
240229_Sounds_großes_Hörexperiment/consumer/Apple_Vision_consumer-063.mp3,Apple,Consumer,/61/7.mp3
240229_Sounds_großes_Hörexperiment/consumer/Apple_Vision_consumer-059.mp3,Apple,Consumer,/62/1.mp3
240229_Sounds_großes_Hörexperiment/apps/discord_apps-002.mp3,Discord,Apps,/62/2.mp3
240229_Sounds_großes_Hörexperiment/health/medicaldevices_health-004.mp3,Medicaldevices,Health,/62/3.mp3
240229_Sounds_großes_Hörexperiment/os/huawei_OS-010.mp3,Huawei,Os,/62/4.mp3
240229_Sounds_großes_Hörexperiment/Mobility/Mercedes_Mobility-008.mp3,Mercedes,Mobility,/62/5.mp3
240229_Sounds_großes_Hörexperiment/consumer/Xbox_SeriesX_consumer.mp3,Xbox,Consumer,/62/6.mp3
240229_Sounds_großes_Hörexperiment/os/Windows_11_OS-020.mp3,Windows,Os,/62/7.mp3
240229_Sounds_großes_Hörexperiment/apps/GoogleMeet_Apps-009.mp3,Googlemeet,Apps,/63/1.mp3
240229_Sounds_großes_Hörexperiment/health/erbe_health-004.mp3,Erbe,Health,/63/2.mp3
240229_Sounds_großes_Hörexperiment/apps/GoogleMeet_Apps-002.mp3,Googlemeet,Apps,/63/3.mp3
240229_Sounds_großes_Hörexperiment/Mobility/Ford_Mustang_Mobility-001.mp3,Ford,Mobility,/63/4.mp3
240229_Sounds_großes_Hörexperiment/os/Microsoft_surface_OS-014.mp3,Microsoft,Os,/63/5.mp3
240229_Sounds_großes_Hörexperiment/health/medicaldevices_health-018.mp3,Medicaldevices,Health,/63/6.mp3
240229_Sounds_großes_Hörexperiment/Future/sil_future-062.mp3,Sil,Future,/63/7.mp3
240229_Sounds_großes_Hörexperiment/health/medtronic_health-001.mp3,Medtronic,Health,/64/1.mp3
240229_Sounds_großes_Hörexperiment/consumer/nintendo_switch_consumer-008.mp3,Nintendo,Consumer,/64/2.mp3
240229_Sounds_großes_Hörexperiment/health/Lifepack15_health-001.mp3,Lifepack15,Health,/64/3.mp3
240229_Sounds_großes_Hörexperiment/Future/sil_future-014.mp3,Sil,Future,/64/4.mp3
240229_Sounds_großes_Hörexperiment/os/Microsoft_surface_OS-034.mp3,Microsoft,Os,/64/5.mp3
240229_Sounds_großes_Hörexperiment/consumer/Bose_Box_consumer-002.mp3,Bose,Consumer,/64/6.mp3
240229_Sounds_großes_Hörexperiment/os/Apple_BigSur_OS-012.mp3,Apple,Os,/64/7.mp3
240229_Sounds_großes_Hörexperiment/Mobility/Sportwagen_WDB_mobility-005.mp3,Sportwagen,Mobility,/65/1.mp3
240229_Sounds_großes_Hörexperiment/home/alexa_home-004.mp3,Alexa,Home,/65/2.mp3
240229_Sounds_großes_Hörexperiment/health/DragerEvitaInfinity_health.mp3,Dragerevitainfinity,Health,/65/3.mp3
240229_Sounds_großes_Hörexperiment/apps/gmail_apps-003.mp3,Gmail,Apps,/65/4.mp3
240229_Sounds_großes_Hörexperiment/os/Windows_11_OS-013.mp3,Windows,Os,/65/5.mp3
240229_Sounds_großes_Hörexperiment/home/Samsung_waschmaschine_home-002.mp3,Samsung,Home,/65/6.mp3
240229_Sounds_großes_Hörexperiment/home/alexa_home-005.mp3,Alexa,Home,/65/7.mp3
240229_Sounds_großes_Hörexperiment/Mobility/Mercedes_Mobility-002.mp3,Mercedes,Mobility,/66/1.mp3
240229_Sounds_großes_Hörexperiment/Future/sil_future-028.mp3,Sil,Future,/66/2.mp3
240229_Sounds_großes_Hörexperiment/Mobility/hyundai_WDB_Mobility-001.mp3,Hyundai,Mobility,/66/3.mp3
240229_Sounds_großes_Hörexperiment/os/Google_Pixel_OS-004.mp3,Google,Os,/66/4.mp3
240229_Sounds_großes_Hörexperiment/apps/deutsche_bahn_rail_mobility-003.mp3,Deutsche,Mobility,/66/5.mp3
240229_Sounds_großes_Hörexperiment/home/Kärcher_home-001.mp3,Kärcher,Home,/66/6.mp3
240229_Sounds_großes_Hörexperiment/apps/skype_apps-011.mp3,Skype,Apps,/66/7.mp3
240229_Sounds_großes_Hörexperiment/Mobility/Sportwagen_WDB_mobility-006.mp3,Sportwagen,Mobility,/67/1.mp3
240229_Sounds_großes_Hörexperiment/home/applehomepod_home-035.mp3,Applehomepod,Home,/67/2.mp3
240229_Sounds_großes_Hörexperiment/os/Android_Next_OS-004.mp3,Android,Os,/67/3.mp3
240229_Sounds_großes_Hörexperiment/os/Microsoft_surface_OS-009.mp3,Microsoft,Os,/67/4.mp3
240229_Sounds_großes_Hörexperiment/consumer/nintendo_switch_consumer-018.mp3,Nintendo,Consumer,/67/5.mp3
240229_Sounds_großes_Hörexperiment/apps/spotify_apps-004.mp3,Spotify,Apps,/67/6.mp3
240229_Sounds_großes_Hörexperiment/consumer/nintendo_switch_consumer-006.mp3,Nintendo,Consumer,/67/7.mp3
240229_Sounds_großes_Hörexperiment/Mobility/Sportwagen_WDB_mobility-002.mp3,Sportwagen,Mobility,/68/1.mp3
240229_Sounds_großes_Hörexperiment/home/alexa_home-002.mp3,Alexa,Home,/68/2.mp3
240229_Sounds_großes_Hörexperiment/consumer/Apple_Vision_consumer-102.mp3,Apple,Consumer,/68/3.mp3
240229_Sounds_großes_Hörexperiment/os/Windows_11_OS-035.mp3,Windows,Os,/68/4.mp3
240229_Sounds_großes_Hörexperiment/consumer/xbox_consumer-002.mp3,Xbox,Consumer,/68/5.mp3
240229_Sounds_großes_Hörexperiment/os/Google_Pixel_OS-011.mp3,Google,Os,/68/6.mp3
240229_Sounds_großes_Hörexperiment/consumer/Apple_Vision_consumer-100.mp3,Apple,Consumer,/68/7.mp3
240229_Sounds_großes_Hörexperiment/health/vierra_health-024.mp3,Vierra,Health,/69/1.mp3
240229_Sounds_großes_Hörexperiment/home/Kärcher_home-005.mp3,Kärcher,Home,/69/2.mp3
240229_Sounds_großes_Hörexperiment/apps/Microsoft Teams Message Sound Notification_apps.mp3,Microsoft teams message sound notification,Apps,/69/3.mp3
240229_Sounds_großes_Hörexperiment/home/alexa_home-008.mp3,Alexa,Home,/69/4.mp3
240229_Sounds_großes_Hörexperiment/Future/sil_future-037.mp3,Sil,Future,/69/5.mp3
240229_Sounds_großes_Hörexperiment/Mobility/VOLVO_mobility-004.mp3,Volvo,Mobility,/69/6.mp3
240229_Sounds_großes_Hörexperiment/os/Samsung_Android_OS-006.mp3,Samsung,Os,/69/7.mp3
240229_Sounds_großes_Hörexperiment/os/Windows_11_OS-029.mp3,Windows,Os,/70/1.mp3
240229_Sounds_großes_Hörexperiment/Future/sil_future-016.mp3,Sil,Future,/70/2.mp3
240229_Sounds_großes_Hörexperiment/Future/sil_future-047.mp3,Sil,Future,/70/3.mp3
240229_Sounds_großes_Hörexperiment/apps/icq_apps.mp3,Icq,Apps,/70/4.mp3
240229_Sounds_großes_Hörexperiment/health/BraunEKG_Health-002.mp3,Braunekg,Health,/70/5.mp3
240229_Sounds_großes_Hörexperiment/Mobility/BMW_Warning_mobility.mp3,Bmw,Mobility,/70/6.mp3
240229_Sounds_großes_Hörexperiment/consumer/nintendo_switch_consumer-011.mp3,Nintendo,Consumer,/70/7.mp3
240229_Sounds_großes_Hörexperiment/Mobility/Ford_Mustang_Mobility-006.mp3,Ford,Mobility,/71/1.mp3
240229_Sounds_großes_Hörexperiment/home/Kärcher_home-009.mp3,Kärcher,Home,/71/2.mp3
240229_Sounds_großes_Hörexperiment/os/Google_Pixel_OS-001.mp3,Google,Os,/71/3.mp3
240229_Sounds_großes_Hörexperiment/consumer/nintendo_switch_consumer-007.mp3,Nintendo,Consumer,/71/4.mp3
240229_Sounds_großes_Hörexperiment/home/miele_home-003.mp3,Miele,Home,/71/5.mp3
240229_Sounds_großes_Hörexperiment/consumer/Apple_Vision_consumer-093.mp3,Apple,Consumer,/71/6.mp3
240229_Sounds_großes_Hörexperiment/apps/GoogleMeet_Apps-011.mp3,Googlemeet,Apps,/71/7.mp3
240229_Sounds_großes_Hörexperiment/apps/snapchat_apps.mp3,Snapchat,Apps,/72/1.mp3
240229_Sounds_großes_Hörexperiment/apps/Samsung_One_Apps-006.mp3,Samsung,Apps,/72/2.mp3
240229_Sounds_großes_Hörexperiment/Mobility/VOLVO_mobility-012.mp3,Volvo,Mobility,/72/3.mp3
240229_Sounds_großes_Hörexperiment/home/simplehuman_home-003.mp3,Simplehuman,Home,/72/4.mp3
240229_Sounds_großes_Hörexperiment/Future/sil_future-083.mp3,Sil,Future,/72/5.mp3
240229_Sounds_großes_Hörexperiment/home/loewe_home-006.mp3,Loewe,Home,/72/6.mp3
240229_Sounds_großes_Hörexperiment/Mobility/Ford_Mustang_Mobility-007.mp3,Ford,Mobility,/72/7.mp3
240229_Sounds_großes_Hörexperiment/home/Bose_SmartSpeaker_home-006.mp3,Bose,Home,/73/1.mp3
240229_Sounds_großes_Hörexperiment/Future/sil_future-078.mp3,Sil,Future,/73/2.mp3
240229_Sounds_großes_Hörexperiment/apps/steam_apps-027.mp3,Steam,Apps,/73/3.mp3
240229_Sounds_großes_Hörexperiment/os/Google_Pixel_OS-006.mp3,Google,Os,/73/4.mp3
240229_Sounds_großes_Hörexperiment/home/Beep_Herd - Neff_home.mp3,Beep,Home,/73/5.mp3
240229_Sounds_großes_Hörexperiment/os/Windows_11_OS-012.mp3,Windows,Os,/73/6.mp3
240229_Sounds_großes_Hörexperiment/Future/sil_future-090.mp3,Sil,Future,/73/7.mp3
240229_Sounds_großes_Hörexperiment/Mobility/Skoda_wdb_mobility-002.mp3,Skoda,Mobility,/74/1.mp3
240229_Sounds_großes_Hörexperiment/consumer/oculus_consumer-002.mp3,Oculus,Consumer,/74/2.mp3
240229_Sounds_großes_Hörexperiment/Future/sil_future-032.mp3,Sil,Future,/74/3.mp3
240229_Sounds_großes_Hörexperiment/Mobility/Skoda_wdb_mobility-006.mp3,Skoda,Mobility,/74/4.mp3
240229_Sounds_großes_Hörexperiment/home/ecobee_home-002.mp3,Ecobee,Home,/74/5.mp3
240229_Sounds_großes_Hörexperiment/Future/sil_future-034.mp3,Sil,Future,/74/6.mp3
240229_Sounds_großes_Hörexperiment/consumer/xbox_consumer-004.mp3,Xbox,Consumer,/74/7.mp3
240229_Sounds_großes_Hörexperiment/consumer/Apple_Vision_consumer-008.mp3,Apple,Consumer,/75/1.mp3
240229_Sounds_großes_Hörexperiment/os/Windows_11_OS-034.mp3,Windows,Os,/75/2.mp3
240229_Sounds_großes_Hörexperiment/os/Samsung_Android_OS-007.mp3,Samsung,Os,/75/3.mp3
240229_Sounds_großes_Hörexperiment/os/Microsoft_surface_OS-033.mp3,Microsoft,Os,/75/4.mp3
240229_Sounds_großes_Hörexperiment/Future/sil_future-029.mp3,Sil,Future,/75/5.mp3
240229_Sounds_großes_Hörexperiment/Future/sil_future-015.mp3,Sil,Future,/75/6.mp3
240229_Sounds_großes_Hörexperiment/os/Windows_11_OS-022.mp3,Windows,Os,/75/7.mp3
240229_Sounds_großes_Hörexperiment/Future/sil_future-072.mp3,Sil,Future,/76/1.mp3
240229_Sounds_großes_Hörexperiment/Future/sil_future-082.mp3,Sil,Future,/76/2.mp3
240229_Sounds_großes_Hörexperiment/os/oppo_OS-018.mp3,Oppo,Os,/76/3.mp3
240229_Sounds_großes_Hörexperiment/consumer/Apple_Vision_consumer-028.mp3,Apple,Consumer,/76/4.mp3
240229_Sounds_großes_Hörexperiment/os/Apple_iphoneXs_OS-009.mp3,Apple,Os,/76/5.mp3
240229_Sounds_großes_Hörexperiment/health/löwenstein_health-002.mp3,Löwenstein,Health,/76/6.mp3
240229_Sounds_großes_Hörexperiment/home/Forme_Mirror_home-001.mp3,Forme,Home,/76/7.mp3
240229_Sounds_großes_Hörexperiment/health/siemensOxygenSaturation_health-002.mp3,Siemensoxygensaturation,Health,/77/1.mp3
240229_Sounds_großes_Hörexperiment/os/Apple_iphone5_OS-016.mp3,Apple,Os,/77/2.mp3
240229_Sounds_großes_Hörexperiment/Mobility/Mercedes_Mobility-006.mp3,Mercedes,Mobility,/77/3.mp3
240229_Sounds_großes_Hörexperiment/Mobility/byton_mobility-002.mp3,Byton,Mobility,/77/4.mp3
240229_Sounds_großes_Hörexperiment/os/Apple_iphone5_OS-003.mp3,Apple,Os,/77/5.mp3
240229_Sounds_großes_Hörexperiment/consumer/teufel_consumer-007.mp3,Teufel,Consumer,/77/6.mp3
240229_Sounds_großes_Hörexperiment/consumer/JBL_Consumer-002.mp3,Jbl,Consumer,/77/7.mp3
240229_Sounds_großes_Hörexperiment/os/Microsoft_surface_OS-037.mp3,Microsoft,Os,/78/1.mp3
240229_Sounds_großes_Hörexperiment/os/Apple_BigSur_OS-020.mp3,Apple,Os,/78/2.mp3
240229_Sounds_großes_Hörexperiment/home/Bose_SmartSpeaker_home-002.mp3,Bose,Home,/78/3.mp3
240229_Sounds_großes_Hörexperiment/consumer/playstation_consumer-001.mp3,Playstation,Consumer,/78/4.mp3
240229_Sounds_großes_Hörexperiment/Mobility/tesla_mobility-010.mp3,Tesla,Mobility,/78/5.mp3
240229_Sounds_großes_Hörexperiment/consumer/nintendo_switch_consumer-014.mp3,Nintendo,Consumer,/78/6.mp3
240229_Sounds_großes_Hörexperiment/os/Windows_11_OS-001.mp3,Windows,Os,/78/7.mp3
240229_Sounds_großes_Hörexperiment/apps/discord_apps-004.mp3,Discord,Apps,/79/1.mp3
240229_Sounds_großes_Hörexperiment/os/oppo_OS-004.mp3,Oppo,Os,/79/2.mp3
240229_Sounds_großes_Hörexperiment/os/Apple_iphoneXs_OS-003.mp3,Apple,Os,/79/3.mp3
240229_Sounds_großes_Hörexperiment/health/löwenstein_health-003.mp3,Löwenstein,Health,/79/4.mp3
240229_Sounds_großes_Hörexperiment/os/Android_Next_OS-005.mp3,Android,Os,/79/5.mp3
240229_Sounds_großes_Hörexperiment/consumer/playstation_consumer-006.mp3,Playstation,Consumer,/79/6.mp3
240229_Sounds_großes_Hörexperiment/Future/sil_future-091.mp3,Sil,Future,/79/7.mp3
240229_Sounds_großes_Hörexperiment/consumer/nintendo_switch_consumer-010.mp3,Nintendo,Consumer,/80/1.mp3
240229_Sounds_großes_Hörexperiment/os/Linux_Mint_OS-005.mp3,Linux,Os,/80/2.mp3
240229_Sounds_großes_Hörexperiment/health/medtronic_health-004.mp3,Medtronic,Health,/80/3.mp3
240229_Sounds_großes_Hörexperiment/Future/sil_future-013.mp3,Sil,Future,/80/4.mp3
240229_Sounds_großes_Hörexperiment/health/VentricularFibrillation_health.mp3,Ventricularfibrillation,Health,/80/5.mp3
240229_Sounds_großes_Hörexperiment/Mobility/Mercedes_Mobility-015.mp3,Mercedes,Mobility,/80/6.mp3
240229_Sounds_großes_Hörexperiment/apps/steam_apps-039.mp3,Steam,Apps,/80/7.mp3
240229_Sounds_großes_Hörexperiment/os/huawei_OS-011.mp3,Huawei,Os,/81/1.mp3
240229_Sounds_großes_Hörexperiment/Future/sil_future-003.mp3,Sil,Future,/81/2.mp3
240229_Sounds_großes_Hörexperiment/os/Google_Pixel_OS-007.mp3,Google,Os,/81/3.mp3
240229_Sounds_großes_Hörexperiment/Future/sil_future-045.mp3,Sil,Future,/81/4.mp3
240229_Sounds_großes_Hörexperiment/health/Infusor_health.mp3,Infusor,Health,/81/5.mp3
240229_Sounds_großes_Hörexperiment/home/MieleHerd_Home-002.mp3,Mieleherd,Home,/81/6.mp3
240229_Sounds_großes_Hörexperiment/os/Apple_BigSur_OS-010.mp3,Apple,Os,/81/7.mp3
240229_Sounds_großes_Hörexperiment/home/Bose_SmartSpeaker_home-011.mp3,Bose,Home,/82/1.mp3
240229_Sounds_großes_Hörexperiment/Future/sil_future-007.mp3,Sil,Future,/82/2.mp3
240229_Sounds_großes_Hörexperiment/health/HamiltonT1_health-001.mp3,Hamiltont1,Health,/82/3.mp3
240229_Sounds_großes_Hörexperiment/health/vierra_health-002.mp3,Vierra,Health,/82/4.mp3
240229_Sounds_großes_Hörexperiment/consumer/nintendo_switch_consumer-013.mp3,Nintendo,Consumer,/82/5.mp3
240229_Sounds_großes_Hörexperiment/os/Samsung_Android_OS-001.mp3,Samsung,Os,/82/6.mp3
240229_Sounds_großes_Hörexperiment/consumer/Apple_Vision_consumer-047.mp3,Apple,Consumer,/82/7.mp3
240229_Sounds_großes_Hörexperiment/Mobility/Mercedes_Mobility-001.mp3,Mercedes,Mobility,/83/1.mp3
240229_Sounds_großes_Hörexperiment/home/Bose_SmartSpeaker_home-009.mp3,Bose,Home,/83/2.mp3
240229_Sounds_großes_Hörexperiment/consumer/xbox_consumer-005.mp3,Xbox,Consumer,/83/3.mp3
240229_Sounds_großes_Hörexperiment/os/Linux_Mint_OS-006.mp3,Linux,Os,/83/4.mp3
240229_Sounds_großes_Hörexperiment/health/HamiltonT1_health-002.mp3,Hamiltont1,Health,/83/5.mp3
240229_Sounds_großes_Hörexperiment/Mobility/Skoda_wdb_mobility-007.mp3,Skoda,Mobility,/83/6.mp3
240229_Sounds_großes_Hörexperiment/os/Apple_BigSur_OS-015.mp3,Apple,Os,/83/7.mp3
240229_Sounds_großes_Hörexperiment/os/Apple_iphone5_OS-020.mp3,Apple,Os,/84/1.mp3
240229_Sounds_großes_Hörexperiment/apps/spotify_apps-003.mp3,Spotify,Apps,/84/2.mp3
240229_Sounds_großes_Hörexperiment/apps/googleOk_apps-008.mp3,Googleok,Apps,/84/3.mp3
240229_Sounds_großes_Hörexperiment/consumer/Apple_Vision_consumer-011.mp3,Apple,Consumer,/84/4.mp3
240229_Sounds_großes_Hörexperiment/Mobility/volvo_truck_mobility.mp3,Volvo,Mobility,/84/5.mp3
240229_Sounds_großes_Hörexperiment/consumer/Xbox_360_consumer-002.mp3,Xbox,Consumer,/84/6.mp3
240229_Sounds_großes_Hörexperiment/health/medicaldevices_health-005.mp3,Medicaldevices,Health,/84/7.mp3
240229_Sounds_großes_Hörexperiment/Mobility/tesla_mobility-013.mp3,Tesla,Mobility,/85/1.mp3
240229_Sounds_großes_Hörexperiment/consumer/nintendo_switch_consumer-001.mp3,Nintendo,Consumer,/85/2.mp3
240229_Sounds_großes_Hörexperiment/Mobility/Mercedes_Mobility-016.mp3,Mercedes,Mobility,/85/3.mp3
240229_Sounds_großes_Hörexperiment/apps/deutsche_bahn_rail_mobility-002.mp3,Deutsche,Mobility,/85/4.mp3
240229_Sounds_großes_Hörexperiment/os/Microsoft_surface_OS-038.mp3,Microsoft,Os,/85/5.mp3
240229_Sounds_großes_Hörexperiment/Mobility/nikola_motors_mobility-004.mp3,Nikola,Mobility,/85/6.mp3
240229_Sounds_großes_Hörexperiment/os/Windows_11_OS-007.mp3,Windows,Os,/85/7.mp3
240229_Sounds_großes_Hörexperiment/Mobility/hyundai_WDB_Mobility-005.mp3,Hyundai,Mobility,/86/1.mp3
240229_Sounds_großes_Hörexperiment/consumer/Apple_Vision_consumer-032.mp3,Apple,Consumer,/86/2.mp3
240229_Sounds_großes_Hörexperiment/os/Samsung_Android_OS-008.mp3,Samsung,Os,/86/3.mp3
240229_Sounds_großes_Hörexperiment/consumer/Apple_Vision_consumer-040.mp3,Apple,Consumer,/86/4.mp3
240229_Sounds_großes_Hörexperiment/Mobility/DB_WDB_Mobility-005.mp3,Db,Mobility,/86/5.mp3
240229_Sounds_großes_Hörexperiment/os/Microsoft_surface_OS-017.mp3,Microsoft,Os,/86/6.mp3
240229_Sounds_großes_Hörexperiment/apps/steam_apps-040.mp3,Steam,Apps,/86/7.mp3
240229_Sounds_großes_Hörexperiment/Mobility/Mercedes_Mobility-011.mp3,Mercedes,Mobility,/87/1.mp3
240229_Sounds_großes_Hörexperiment/consumer/Apple_Vision_consumer-049.mp3,Apple,Consumer,/87/2.mp3
240229_Sounds_großes_Hörexperiment/os/Apple_BigSur_OS-024.mp3,Apple,Os,/87/3.mp3
240229_Sounds_großes_Hörexperiment/os/Apple_iphone5_OS-015.mp3,Apple,Os,/87/4.mp3
240229_Sounds_großes_Hörexperiment/consumer/teufel_consumer-010.mp3,Teufel,Consumer,/87/5.mp3
240229_Sounds_großes_Hörexperiment/consumer/playstation_consumer-011.mp3,Playstation,Consumer,/87/6.mp3
240229_Sounds_großes_Hörexperiment/apps/paypal_apps-001.mp3,Paypal,Apps,/87/7.mp3
240229_Sounds_großes_Hörexperiment/consumer/Jabra_Consumer-010.mp3,Jabra,Consumer,/88/1.mp3
240229_Sounds_großes_Hörexperiment/consumer/teufel_consumer-013.mp3,Teufel,Consumer,/88/2.mp3
240229_Sounds_großes_Hörexperiment/Mobility/tesla_mobility-004.mp3,Tesla,Mobility,/88/3.mp3
240229_Sounds_großes_Hörexperiment/os/Samsung_Android_OS-002.mp3,Samsung,Os,/88/4.mp3
240229_Sounds_großes_Hörexperiment/home/applehomepod_home-002.mp3,Applehomepod,Home,/88/5.mp3
240229_Sounds_großes_Hörexperiment/Future/sil_future-040.mp3,Sil,Future,/88/6.mp3
240229_Sounds_großes_Hörexperiment/Mobility/audi notification_mobility.mp3,Audi notification,Mobility,/88/7.mp3
240229_Sounds_großes_Hörexperiment/consumer/Apple_Watch_consumer-021.mp3,Apple,Consumer,/89/1.mp3
240229_Sounds_großes_Hörexperiment/apps/Samsung_One_Apps-003.mp3,Samsung,Apps,/89/2.mp3
240229_Sounds_großes_Hörexperiment/apps/gmail_apps-004.mp3,Gmail,Apps,/89/3.mp3
240229_Sounds_großes_Hörexperiment/health/siemensOxygenSaturation_health-001.mp3,Siemensoxygensaturation,Health,/89/4.mp3
240229_Sounds_großes_Hörexperiment/health/medicaldevices_health-002.mp3,Medicaldevices,Health,/89/5.mp3
240229_Sounds_großes_Hörexperiment/Future/sil_future-017.mp3,Sil,Future,/89/6.mp3
240229_Sounds_großes_Hörexperiment/os/Samsung_Android_OS-003 11.29.43.mp3,Samsung,Os,/89/7.mp3
240229_Sounds_großes_Hörexperiment/Future/sil_future-046.mp3,Sil,Future,/90/1.mp3
240229_Sounds_großes_Hörexperiment/consumer/Apple_Watch_consumer-001.mp3,Apple,Consumer,/90/2.mp3
240229_Sounds_großes_Hörexperiment/consumer/Apple_Vision_consumer-050.mp3,Apple,Consumer,/90/3.mp3
240229_Sounds_großes_Hörexperiment/consumer/Apple_Vision_consumer-057.mp3,Apple,Consumer,/90/4.mp3
240229_Sounds_großes_Hörexperiment/os/Microsoft_surface_OS-010.mp3,Microsoft,Os,/90/5.mp3
240229_Sounds_großes_Hörexperiment/home/alexa_home-007.mp3,Alexa,Home,/90/6.mp3
240229_Sounds_großes_Hörexperiment/Mobility/Skoda_wdb_mobility-001.mp3,Skoda,Mobility,/90/7.mp3
240229_Sounds_großes_Hörexperiment/health/medicaldevices_health-007.mp3,Medicaldevices,Health,/91/1.mp3
240229_Sounds_großes_Hörexperiment/consumer/Samsung_TV_consumer-002.mp3,Samsung,Consumer,/91/2.mp3
240229_Sounds_großes_Hörexperiment/os/Google_Pixel_OS-003.mp3,Google,Os,/91/3.mp3
240229_Sounds_großes_Hörexperiment/os/Microsoft_surface_OS-019.mp3,Microsoft,Os,/91/4.mp3
240229_Sounds_großes_Hörexperiment/os/Windows_11_OS-026.mp3,Windows,Os,/91/5.mp3
240229_Sounds_großes_Hörexperiment/apps/steam_apps-004.mp3,Steam,Apps,/91/6.mp3
240229_Sounds_großes_Hörexperiment/Future/sil_future-020.mp3,Sil,Future,/91/7.mp3
240229_Sounds_großes_Hörexperiment/os/Microsoft_surface_OS-025.mp3,Microsoft,Os,/92/1.mp3
240229_Sounds_großes_Hörexperiment/health/vierra_health-019.mp3,Vierra,Health,/92/2.mp3
240229_Sounds_großes_Hörexperiment/os/oppo_OS-007.mp3,Oppo,Os,/92/3.mp3
240229_Sounds_großes_Hörexperiment/Mobility/AMG_Mobility-001.mp3,Amg,Mobility,/92/4.mp3
240229_Sounds_großes_Hörexperiment/apps/steam_apps-007.mp3,Steam,Apps,/92/5.mp3
240229_Sounds_großes_Hörexperiment/apps/skype_apps-001.mp3,Skype,Apps,/92/6.mp3
240229_Sounds_großes_Hörexperiment/consumer/oculus_consumer-003.mp3,Oculus,Consumer,/92/7.mp3
240229_Sounds_großes_Hörexperiment/consumer/apple_watch_consumer-013.mp3,Apple,Consumer,/93/1.mp3
240229_Sounds_großes_Hörexperiment/Mobility/Sportwagen_WDB_mobility-008.mp3,Sportwagen,Mobility,/93/2.mp3
240229_Sounds_großes_Hörexperiment/os/Windows_Phone_OS-002.mp3,Windows,Os,/93/3.mp3
240229_Sounds_großes_Hörexperiment/os/oppo_OS-024.mp3,Oppo,Os,/93/4.mp3
240229_Sounds_großes_Hörexperiment/Future/sil_future-002.mp3,Sil,Future,/93/5.mp3
240229_Sounds_großes_Hörexperiment/consumer/Apple_Vision_consumer-023.mp3,Apple,Consumer,/93/6.mp3
240229_Sounds_großes_Hörexperiment/os/windows_10_OS-048.mp3,Windows,Os,/93/7.mp3
240229_Sounds_großes_Hörexperiment/Mobility/byton_mobility-003.mp3,Byton,Mobility,/94/1.mp3
240229_Sounds_großes_Hörexperiment/apps/spotify_apps-002.mp3,Spotify,Apps,/94/2.mp3
240229_Sounds_großes_Hörexperiment/home/applehomepod_home-005.mp3,Applehomepod,Home,/94/3.mp3
240229_Sounds_großes_Hörexperiment/os/oppo_OS-020.mp3,Oppo,Os,/94/4.mp3
240229_Sounds_großes_Hörexperiment/consumer/Apple_Vision_consumer-051.mp3,Apple,Consumer,/94/5.mp3
240229_Sounds_großes_Hörexperiment/consumer/Apple_Watch_consumer-011.mp3,Apple,Consumer,/94/6.mp3
240229_Sounds_großes_Hörexperiment/apps/tinder_apps-002.mp3,Tinder,Apps,/94/7.mp3
240229_Sounds_großes_Hörexperiment/consumer/Apple_Vision_consumer-048.mp3,Apple,Consumer,/95/1.mp3
240229_Sounds_großes_Hörexperiment/home/miele_home-005.mp3,Miele,Home,/95/2.mp3
240229_Sounds_großes_Hörexperiment/os/Microsoft_surface_OS-036.mp3,Microsoft,Os,/95/3.mp3
240229_Sounds_großes_Hörexperiment/consumer/Jabra_Consumer-002.mp3,Jabra,Consumer,/95/4.mp3
240229_Sounds_großes_Hörexperiment/os/Microsoft_surface_OS-040.mp3,Microsoft,Os,/95/5.mp3
240229_Sounds_großes_Hörexperiment/apps/steam_apps-042.mp3,Steam,Apps,/95/6.mp3
240229_Sounds_großes_Hörexperiment/os/Windows_11_OS-005.mp3,Windows,Os,/95/7.mp3
240229_Sounds_großes_Hörexperiment/Future/sil_future-093.mp3,Sil,Future,/96/1.mp3
240229_Sounds_großes_Hörexperiment/Future/sil_future-023.mp3,Sil,Future,/96/2.mp3
240229_Sounds_großes_Hörexperiment/health/erbe_health-001.mp3,Erbe,Health,/96/3.mp3
240229_Sounds_großes_Hörexperiment/Future/sil_future-064.mp3,Sil,Future,/96/4.mp3
240229_Sounds_großes_Hörexperiment/consumer/Nintendo_Wii_consumer-003.mp3,Nintendo,Consumer,/96/5.mp3
240229_Sounds_großes_Hörexperiment/Future/sil_future-041.mp3,Sil,Future,/96/6.mp3
240229_Sounds_großes_Hörexperiment/Mobility/Mercedes_Mobility-010.mp3,Mercedes,Mobility,/96/7.mp3
240229_Sounds_großes_Hörexperiment/Mobility/AMG_Mobility-005.mp3,Amg,Mobility,/97/1.mp3
240229_Sounds_großes_Hörexperiment/Mobility/VOLVO_mobility-007.mp3,Volvo,Mobility,/97/2.mp3
240229_Sounds_großes_Hörexperiment/os/Windows_11_OS-040.mp3,Windows,Os,/97/3.mp3
240229_Sounds_großes_Hörexperiment/Future/sil_future-059.mp3,Sil,Future,/97/4.mp3
240229_Sounds_großes_Hörexperiment/os/Windows_11_OS-014.mp3,Windows,Os,/97/5.mp3
240229_Sounds_großes_Hörexperiment/health/Siemens_StandardVentilationSequence(IEC)_health-002.mp3,Siemens,Health,/97/6.mp3
240229_Sounds_großes_Hörexperiment/os/Microsoft_surface_OS-005.mp3,Microsoft,Os,/97/7.mp3
240229_Sounds_großes_Hörexperiment/Future/sil_future-075.mp3,Sil,Future,/98/1.mp3
240229_Sounds_großes_Hörexperiment/Mobility/VOLVO_mobility-009.mp3,Volvo,Mobility,/98/2.mp3
240229_Sounds_großes_Hörexperiment/apps/skype_apps-008.mp3,Skype,Apps,/98/3.mp3
240229_Sounds_großes_Hörexperiment/health/medtronic_health-002.mp3,Medtronic,Health,/98/4.mp3
240229_Sounds_großes_Hörexperiment/os/Apple_iphone5_OS-010.mp3,Apple,Os,/98/5.mp3
240229_Sounds_großes_Hörexperiment/home/loewe_home-002.mp3,Loewe,Home,/98/6.mp3
240229_Sounds_großes_Hörexperiment/os/Google_Pixel_OS-005.mp3,Google,Os,/98/7.mp3
240229_Sounds_großes_Hörexperiment/health/medicaldevices_health-010.mp3,Medicaldevices,Health,/99/1.mp3
240229_Sounds_großes_Hörexperiment/home/MieleHerd_Home-003.mp3,Mieleherd,Home,/99/2.mp3
240229_Sounds_großes_Hörexperiment/health/medicaldevices_health-011.mp3,Medicaldevices,Health,/99/3.mp3
240229_Sounds_großes_Hörexperiment/consumer/Apple_Watch_consumer-028.mp3,Apple,Consumer,/99/4.mp3
240229_Sounds_großes_Hörexperiment/Future/sil_future-080.mp3,Sil,Future,/99/5.mp3
240229_Sounds_großes_Hörexperiment/Future/sil_future-052.mp3,Sil,Future,/99/6.mp3
240229_Sounds_großes_Hörexperiment/home/Festool_home-003.mp3,Festool,Home,/99/7.mp3
240229_Sounds_großes_Hörexperiment/health/BraunLevomaxVTBIalarm_Health.mp3,Braunlevomaxvtbialarm,Health,/100/1.mp3
240229_Sounds_großes_Hörexperiment/apps/steam_apps-048.mp3,Steam,Apps,/100/2.mp3
240229_Sounds_großes_Hörexperiment/home/rain_home-003.mp3,Rain,Home,/100/3.mp3
240229_Sounds_großes_Hörexperiment/os/Apple_iphone5_OS-004.mp3,Apple,Os,/100/4.mp3
240229_Sounds_großes_Hörexperiment/consumer/Xbox_360_consumer-001.mp3,Xbox,Consumer,/100/5.mp3
240229_Sounds_großes_Hörexperiment/apps/steam_apps-026.mp3,Steam,Apps,/100/6.mp3
240229_Sounds_großes_Hörexperiment/os/Apple_iphoneXs_OS-010.mp3,Apple,Os,/100/7.mp3
240229_Sounds_großes_Hörexperiment/os/huawei_OS-012.mp3,Huawei,Os,/101/1.mp3
240229_Sounds_großes_Hörexperiment/health/medtronic_health-006.mp3,Medtronic,Health,/101/2.mp3
240229_Sounds_großes_Hörexperiment/os/Apple_iphone5_OS-005.mp3,Apple,Os,/101/3.mp3
240229_Sounds_großes_Hörexperiment/apps/what3words_apps-006.mp3,What3words,Apps,/101/4.mp3
240229_Sounds_großes_Hörexperiment/health/Dräger_health.mp3,Dräger,Health,/101/5.mp3
240229_Sounds_großes_Hörexperiment/Future/sil_future-022.mp3,Sil,Future,/101/6.mp3
240229_Sounds_großes_Hörexperiment/os/Microsoft_surface_OS-039.mp3,Microsoft,Os,/101/7.mp3
240229_Sounds_großes_Hörexperiment/apps/deutsche_bahn_rail_mobility-001.mp3,Deutsche,Mobility,/102/1.mp3
240229_Sounds_großes_Hörexperiment/os/oppo_OS-010.mp3,Oppo,Os,/102/2.mp3
240229_Sounds_großes_Hörexperiment/health/medicaldevices_health-019.mp3,Medicaldevices,Health,/102/3.mp3
240229_Sounds_großes_Hörexperiment/Mobility/tesla_mobility-009.mp3,Tesla,Mobility,/102/4.mp3
240229_Sounds_großes_Hörexperiment/Future/sil_future-088.mp3,Sil,Future,/102/5.mp3
240229_Sounds_großes_Hörexperiment/Mobility/VOLVO_mobility-001.mp3,Volvo,Mobility,/102/6.mp3
240229_Sounds_großes_Hörexperiment/Mobility/Skoda_wdb_mobility-013.mp3,Skoda,Mobility,/102/7.mp3
240229_Sounds_großes_Hörexperiment/os/windows_10_OS-036.mp3,Windows,Os,/103/1.mp3
240229_Sounds_großes_Hörexperiment/apps/Facebook_apps.mp3,Facebook,Apps,/103/2.mp3
240229_Sounds_großes_Hörexperiment/consumer/xbox_consumer-007.mp3,Xbox,Consumer,/103/3.mp3
240229_Sounds_großes_Hörexperiment/consumer/Apple_airpods_consumer-005.mp3,Apple,Consumer,/103/4.mp3
240229_Sounds_großes_Hörexperiment/health/vierra_health-008.mp3,Vierra,Health,/103/5.mp3
240229_Sounds_großes_Hörexperiment/health/philips_ekg_alarm_health.mp3,Philips,Health,/103/6.mp3
240229_Sounds_großes_Hörexperiment/apps/steam_apps-003.mp3,Steam,Apps,/103/7.mp3
240229_Sounds_großes_Hörexperiment/os/windows_10_OS-033.mp3,Windows,Os,/104/1.mp3
240229_Sounds_großes_Hörexperiment/Mobility/Skoda_wdb_mobility-010.mp3,Skoda,Mobility,/104/2.mp3
240229_Sounds_großes_Hörexperiment/Future/sil_future-038.mp3,Sil,Future,/104/3.mp3
240229_Sounds_großes_Hörexperiment/apps/steam_apps-041.mp3,Steam,Apps,/104/4.mp3
240229_Sounds_großes_Hörexperiment/consumer/playstation_consumer-010.mp3,Playstation,Consumer,/104/5.mp3
240229_Sounds_großes_Hörexperiment/health/vierra_health-020.mp3,Vierra,Health,/104/6.mp3
240229_Sounds_großes_Hörexperiment/os/Ubuntu_OS-001.mp3,Ubuntu,Os,/104/7.mp3
240229_Sounds_großes_Hörexperiment/consumer/playstation_consumer-007.mp3,Playstation,Consumer,/105/1.mp3
240229_Sounds_großes_Hörexperiment/consumer/Apple_airpods_consumer-008.mp3,Apple,Consumer,/105/2.mp3
240229_Sounds_großes_Hörexperiment/os/Windows_11_OS-027.mp3,Windows,Os,/105/3.mp3
240229_Sounds_großes_Hörexperiment/Future/sil_future-005.mp3,Sil,Future,/105/4.mp3
240229_Sounds_großes_Hörexperiment/os/windows_10_OS-030.mp3,Windows,Os,/105/5.mp3
240229_Sounds_großes_Hörexperiment/consumer/Apple_Vision_consumer-055.mp3,Apple,Consumer,/105/6.mp3
240229_Sounds_großes_Hörexperiment/apps/googleOk_apps-003.mp3,Googleok,Apps,/105/7.mp3
240229_Sounds_großes_Hörexperiment/apps/GoogleMeet_Apps-007.mp3,Googlemeet,Apps,/106/1.mp3
240229_Sounds_großes_Hörexperiment/consumer/nintendo_switch_consumer-002.mp3,Nintendo,Consumer,/106/2.mp3
240229_Sounds_großes_Hörexperiment/consumer/Apple_Vision_consumer-036.mp3,Apple,Consumer,/106/3.mp3
240229_Sounds_großes_Hörexperiment/Mobility/Mercedes_Mobility-017.mp3,Mercedes,Mobility,/106/4.mp3
240229_Sounds_großes_Hörexperiment/os/Windows_11_OS-025.mp3,Windows,Os,/106/5.mp3
240229_Sounds_großes_Hörexperiment/health/erbe_health-002.mp3,Erbe,Health,/106/6.mp3
240229_Sounds_großes_Hörexperiment/Future/sil_future-068.mp3,Sil,Future,/106/7.mp3
240229_Sounds_großes_Hörexperiment/os/Linux_Mint_OS-001.mp3,Linux,Os,/107/1.mp3
240229_Sounds_großes_Hörexperiment/os/Android_Next_OS-002.mp3,Android,Os,/107/2.mp3
240229_Sounds_großes_Hörexperiment/Mobility/hyundai_WDB_Mobility-004.mp3,Hyundai,Mobility,/107/3.mp3
240229_Sounds_großes_Hörexperiment/home/Forme_Mirror_home-002.mp3,Forme,Home,/107/4.mp3
240229_Sounds_großes_Hörexperiment/apps/what3words_apps-007.mp3,What3words,Apps,/107/5.mp3
240229_Sounds_großes_Hörexperiment/os/Windows_11_OS-003.mp3,Windows,Os,/107/6.mp3
240229_Sounds_großes_Hörexperiment/home/SiemensWaschmaschine_home.mp3,Siemenswaschmaschine,Home,/107/7.mp3
240229_Sounds_großes_Hörexperiment/consumer/Apple_Vision_consumer-024.mp3,Apple,Consumer,/108/1.mp3
240229_Sounds_großes_Hörexperiment/apps/discord_apps-006.mp3,Discord,Apps,/108/2.mp3
240229_Sounds_großes_Hörexperiment/health/Drager_health-002.mp3,Drager,Health,/108/3.mp3
240229_Sounds_großes_Hörexperiment/apps/spotify_apps-001.mp3,Spotify,Apps,/108/4.mp3
240229_Sounds_großes_Hörexperiment/os/Linux_Mint_OS-004.mp3,Linux,Os,/108/5.mp3
240229_Sounds_großes_Hörexperiment/consumer/JBL_Consumer-004.mp3,Jbl,Consumer,/108/6.mp3
240229_Sounds_großes_Hörexperiment/os/Apple_BigSur_OS-009.mp3,Apple,Os,/108/7.mp3
240229_Sounds_großes_Hörexperiment/os/Linux_Mint_OS-007.mp3,Linux,Os,/109/1.mp3
240229_Sounds_großes_Hörexperiment/os/Windows_11_OS-038.mp3,Windows,Os,/109/2.mp3
240229_Sounds_großes_Hörexperiment/apps/steam_apps-069.mp3,Steam,Apps,/109/3.mp3
240229_Sounds_großes_Hörexperiment/health/PerfusorcompactBraunError_Health.mp3,Perfusorcompactbraunerror,Health,/109/4.mp3
240229_Sounds_großes_Hörexperiment/os/Apple_BigSur_OS-004.mp3,Apple,Os,/109/5.mp3
240229_Sounds_großes_Hörexperiment/Future/sil_future-033.mp3,Sil,Future,/109/6.mp3
240229_Sounds_großes_Hörexperiment/home/Bose_SmartSpeaker_home-004.mp3,Bose,Home,/109/7.mp3
240229_Sounds_großes_Hörexperiment/consumer/JBL_Consumer-006.mp3,Jbl,Consumer,/110/1.mp3
240229_Sounds_großes_Hörexperiment/Mobility/VOLVO_mobility-008.mp3,Volvo,Mobility,/110/2.mp3
240229_Sounds_großes_Hörexperiment/consumer/Apple_Vision_consumer-034.mp3,Apple,Consumer,/110/3.mp3
240229_Sounds_großes_Hörexperiment/apps/gmail_apps-001.mp3,Gmail,Apps,/110/4.mp3
240229_Sounds_großes_Hörexperiment/os/Apple_BigSur_OS-014.mp3,Apple,Os,/110/5.mp3
240229_Sounds_großes_Hörexperiment/apps/instagram_apps-001.mp3,Instagram,Apps,/110/6.mp3
240229_Sounds_großes_Hörexperiment/home/loewe_home-003.mp3,Loewe,Home,/110/7.mp3
240229_Sounds_großes_Hörexperiment/os/Windows_11_OS-023.mp3,Windows,Os,/111/1.mp3
240229_Sounds_großes_Hörexperiment/consumer/playstation_consumer-004.mp3,Playstation,Consumer,/111/2.mp3
240229_Sounds_großes_Hörexperiment/os/Windows_11_OS-039.mp3,Windows,Os,/111/3.mp3
240229_Sounds_großes_Hörexperiment/consumer/Jabra_Consumer-003.mp3,Jabra,Consumer,/111/4.mp3
240229_Sounds_großes_Hörexperiment/consumer/UE_BOOM_Consumer-004.mp3,Ue,Consumer,/111/5.mp3
240229_Sounds_großes_Hörexperiment/health/löwenstein_health-004.mp3,Löwenstein,Health,/111/6.mp3
240229_Sounds_großes_Hörexperiment/os/huawei_OS-020.mp3,Huawei,Os,/111/7.mp3
240229_Sounds_großes_Hörexperiment/Future/sil_future-050.mp3,Sil,Future,/112/1.mp3
240229_Sounds_großes_Hörexperiment/Future/sil_future-055.mp3,Sil,Future,/112/2.mp3
240229_Sounds_großes_Hörexperiment/Future/sil_future-004.mp3,Sil,Future,/112/3.mp3
240229_Sounds_großes_Hörexperiment/os/oppo_OS-005.mp3,Oppo,Os,/112/4.mp3
240229_Sounds_großes_Hörexperiment/os/Microsoft_surface_OS-018.mp3,Microsoft,Os,/112/5.mp3
240229_Sounds_großes_Hörexperiment/home/Bose_SmartSpeaker_home-001.mp3,Bose,Home,/112/6.mp3
240229_Sounds_großes_Hörexperiment/consumer/Jabra_Consumer-014.mp3,Jabra,Consumer,/112/7.mp3
240229_Sounds_großes_Hörexperiment/consumer/Apple_Watch_consumer-014.mp3,Apple,Consumer,/113/1.mp3
240229_Sounds_großes_Hörexperiment/apps/googleOk_apps-005.mp3,Googleok,Apps,/113/2.mp3
240229_Sounds_großes_Hörexperiment/health/philipsElectrocardiogram_health.mp3,Philipselectrocardiogram,Health,/113/3.mp3
240229_Sounds_großes_Hörexperiment/home/Kärcher_home-007.mp3,Kärcher,Home,/113/4.mp3
240229_Sounds_großes_Hörexperiment/os/Microsoft_surface_OS-011.mp3,Microsoft,Os,/113/5.mp3
240229_Sounds_großes_Hörexperiment/Mobility/Mercedes_Mobility-005.mp3,Mercedes,Mobility,/113/6.mp3
240229_Sounds_großes_Hörexperiment/apps/deutsche_bahn_rail_mobility-004.mp3,Deutsche,Mobility,/113/7.mp3
240229_Sounds_großes_Hörexperiment/Mobility/Mercedes_Mobility-023.mp3,Mercedes,Mobility,/114/1.mp3
240229_Sounds_großes_Hörexperiment/Mobility/hyundai_WDB_Mobility-006.mp3,Hyundai,Mobility,/114/2.mp3
240229_Sounds_großes_Hörexperiment/Mobility/tesla_mobility-018.mp3,Tesla,Mobility,/114/3.mp3
240229_Sounds_großes_Hörexperiment/apps/GoogleMeet_Apps-014.mp3,Googlemeet,Apps,/114/4.mp3
240229_Sounds_großes_Hörexperiment/Mobility/audi_seatbelt_mobility.mp3,Audi,Mobility,/114/5.mp3
240229_Sounds_großes_Hörexperiment/apps/steam_apps-065.mp3,Steam,Apps,/114/6.mp3
240229_Sounds_großes_Hörexperiment/consumer/Apple_Vision_consumer-037.mp3,Apple,Consumer,/114/7.mp3
240229_Sounds_großes_Hörexperiment/consumer/Oculus_quest_consumer.mp3,Oculus,Consumer,/115/1.mp3
240229_Sounds_großes_Hörexperiment/apps/steam_apps-067.mp3,Steam,Apps,/115/2.mp3
240229_Sounds_großes_Hörexperiment/Mobility/byton_mobility-004.mp3,Byton,Mobility,/115/3.mp3
240229_Sounds_großes_Hörexperiment/os/Blackberry_OS-009.mp3,Blackberry,Os,/115/4.mp3
240229_Sounds_großes_Hörexperiment/os/Apple_iphoneXs_OS-008.mp3,Apple,Os,/115/5.mp3
240229_Sounds_großes_Hörexperiment/consumer/Nintendo_Wii_consumer-008.mp3,Nintendo,Consumer,/115/6.mp3
240229_Sounds_großes_Hörexperiment/os/HP_tablet_OS-009.mp3,Hp,Os,/115/7.mp3
